ins_ind,ticker_filename,date,n_adj_close,gt,adj_close,prev_adj_close,log_return,prev_ins_ind,run,method,dataset,dropout,prob_measure,prob,prob_filter,day_pred,day_action_pred,day_action,matches_gt_day
42,AAPL.csv,2016-01-05,-2.505932,0.0,100.474523,103.057063,-0.02537865165727018,,1,Adv-ALSTM,kdd17,0.5,entr,0.6615632381579821,0,1.0,1,1,1
68,AAPL.csv,2016-01-06,-1.956969,0.0,98.508268,100.474523,-0.01976370913273175,42.0,1,Adv-ALSTM,kdd17,0.5,entr,0.2129821973127643,0,1.0,1,1,1
109,AAPL.csv,2016-01-07,-4.220457,0.0,94.350769,98.508268,-0.043121061456861,68.0,1,Adv-ALSTM,kdd17,0.5,entr,0.6859298002523728,0,1.0,1,1,1
193,AAPL.csv,2016-01-11,1.619224,1.0,96.3855,94.849671,0.016062547624958234,109.0,1,Adv-ALSTM,kdd17,0.5,entr,0.22696752250060448,0,1.0,1,1,1
221,AAPL.csv,2016-01-12,1.451334,1.0,97.784376,96.3855,0.01440903431213984,193.0,1,Adv-ALSTM,kdd17,0.5,entr,0.6913460990017393,0,1.0,1,1,1
255,AAPL.csv,2016-01-13,-2.571028,0.0,95.270312,97.784376,-0.02604656906118599,221.0,1,Adv-ALSTM,kdd17,0.5,entr,0.6786267624557614,0,1.0,1,1,1
301,AAPL.csv,2016-01-14,2.18708,1.0,97.35395,95.270312,0.021635065622787743,255.0,1,Adv-ALSTM,kdd17,0.5,entr,0.22696752250060448,0,1.0,1,1,1
348,AAPL.csv,2016-01-15,-2.401527,0.0,95.015969,97.35395,-0.02430833402797511,301.0,1,Adv-ALSTM,kdd17,0.5,entr,0.3863867062886037,0,1.0,1,1,1
473,AAPL.csv,2016-01-21,-0.506248,0.0,94.20404,94.683373,-0.00507534113912907,348.0,1,Adv-ALSTM,kdd17,0.5,entr,0.6615632381579821,0,1.0,1,1,1
511,AAPL.csv,2016-01-22,5.316714,1.0,99.212599,94.20404,0.051801944138492144,473.0,1,Adv-ALSTM,kdd17,0.5,entr,0.3359322143596015,0,1.0,1,1,1
559,AAPL.csv,2016-01-25,-1.952274,0.0,97.275697,99.212599,-0.019715828176533633,511.0,1,Adv-ALSTM,kdd17,0.5,entr,0.6376631687845968,0,1.0,1,1,1
597,AAPL.csv,2016-01-26,0.553093,1.0,97.813722,97.275697,0.005515689849071375,559.0,1,Adv-ALSTM,kdd17,0.5,entr,0.6890916952679865,0,1.0,1,1,1
638,AAPL.csv,2016-01-27,-6.570657,0.0,91.386718,97.813722,-0.06796472333329429,597.0,1,Adv-ALSTM,kdd17,0.5,entr,0.6890916952679865,0,1.0,1,1,1
670,AAPL.csv,2016-01-28,0.71719,1.0,92.042134,91.386718,0.007146299856002266,638.0,1,Adv-ALSTM,kdd17,0.5,entr,0.42270908780599087,0,1.0,1,1,1
710,AAPL.csv,2016-01-29,3.45414,1.0,95.221398,92.042134,0.03395823497826169,670.0,1,Adv-ALSTM,kdd17,0.5,entr,0.5730569171314204,0,1.0,1,1,1
760,AAPL.csv,2016-02-01,-0.934863,0.0,94.331208,95.221398,-0.009392606762148998,710.0,1,Adv-ALSTM,kdd17,0.5,entr,0.6341786357122057,0,1.0,1,1,1
797,AAPL.csv,2016-02-02,-2.02219,0.0,92.423652,94.331208,-0.02042915876813607,760.0,1,Adv-ALSTM,kdd17,0.5,entr,0.6305810283860147,0,1.0,1,1,1
842,AAPL.csv,2016-02-03,1.97925,1.0,94.252947,92.423652,0.01959917382594746,797.0,1,Adv-ALSTM,kdd17,0.5,entr,0.44786878553807696,0,1.0,1,1,1
888,AAPL.csv,2016-02-04,0.80351,1.0,95.010279,94.252947,0.00800299200354432,842.0,1,Adv-ALSTM,kdd17,0.5,entr,0.3863867062886037,0,1.0,1,1,1
925,AAPL.csv,2016-02-05,-2.670809,0.0,92.472736,95.010279,-0.027071230621033036,888.0,1,Adv-ALSTM,kdd17,0.5,entr,0.5269079614313803,0,1.0,1,1,1
964,AAPL.csv,2016-02-08,1.052973,1.0,93.446449,92.472736,0.01047467912337519,925.0,1,Adv-ALSTM,kdd17,0.5,entr,0.4862229646617922,0,1.0,1,1,1
1032,AAPL.csv,2016-02-10,-0.757977,0.0,92.718621,93.426774,-0.007608637498932809,964.0,1,Adv-ALSTM,kdd17,0.5,entr,0.6913460990017393,0,1.0,1,1,1
1067,AAPL.csv,2016-02-11,-0.604646,0.0,92.158002,92.718621,-0.006064809160706274,1032.0,1,Adv-ALSTM,kdd17,0.5,entr,0.42270908780599087,0,1.0,1,1,1
1145,AAPL.csv,2016-02-16,2.819451,1.0,95.049622,92.44323,0.027804365692776268,1067.0,1,Adv-ALSTM,kdd17,0.5,entr,0.6664589005803316,0,1.0,1,1,1
1179,AAPL.csv,2016-02-17,1.53146,1.0,96.505269,95.049622,0.015198515818384101,1145.0,1,Adv-ALSTM,kdd17,0.5,entr,0.6230429935424382,0,1.0,1,1,1
1216,AAPL.csv,2016-02-18,-1.895638,0.0,94.675878,96.505269,-0.019138360314241657,1179.0,1,Adv-ALSTM,kdd17,0.5,entr,0.6442963757652278,0,1.0,1,1,1
1269,AAPL.csv,2016-02-22,0.874632,1.0,95.28567,94.459497,0.008708292644086315,1216.0,1,Adv-ALSTM,kdd17,0.5,entr,0.2663844632679204,0,1.0,1,1,1
1310,AAPL.csv,2016-02-23,-2.260524,0.0,93.131715,95.28567,-0.022864650609924646,1269.0,1,Adv-ALSTM,kdd17,0.5,entr,0.6899437584583995,0,1.0,1,1,1
1349,AAPL.csv,2016-02-24,1.489065,1.0,94.518507,93.131715,0.01478087511247871,1310.0,1,Adv-ALSTM,kdd17,0.5,entr,0.5881687773541907,0,1.0,1,1,1
1370,AAPL.csv,2016-02-25,0.686789,1.0,95.16765,94.518507,0.006844416528994513,1349.0,1,Adv-ALSTM,kdd17,0.5,entr,0.6802920001921535,0,1.0,1,1,1
1478,AAPL.csv,2016-03-01,3.971451,1.0,98.875604,95.098802,0.03894616258633227,1370.0,1,Adv-ALSTM,kdd17,0.5,entr,0.0,0,1.0,1,0,1
1553,AAPL.csv,2016-03-03,0.744417,1.0,99.829643,99.091985,0.00741660309856637,1478.0,1,Adv-ALSTM,kdd17,0.5,entr,0.5730569171314204,0,1.0,1,1,1
1575,AAPL.csv,2016-03-04,1.487686,1.0,101.314795,99.829643,0.014767288660250602,1553.0,1,Adv-ALSTM,kdd17,0.5,entr,0.5331638407372986,0,1.0,1,1,1
1604,AAPL.csv,2016-03-07,-1.106688,0.0,100.193556,101.314795,-0.011128576717401773,1575.0,1,Adv-ALSTM,kdd17,0.5,entr,0.3863867062886037,0,1.0,1,1,1
1637,AAPL.csv,2016-03-08,-0.824584,0.0,99.367376,100.193556,-0.008280024670904183,1604.0,1,Adv-ALSTM,kdd17,0.5,entr,0.5730569171314204,0,1.0,1,1,1
1730,AAPL.csv,2016-03-11,1.077398,1.0,100.577138,99.505072,0.010716357637999682,1637.0,1,Adv-ALSTM,kdd17,0.5,entr,0.42270908780599087,0,1.0,1,1,1
1794,AAPL.csv,2016-03-15,2.00937,1.0,102.858958,100.832853,0.01989448486622294,1730.0,1,Adv-ALSTM,kdd17,0.5,entr,0.056001534354847345,0,1.0,1,1,1
1815,AAPL.csv,2016-03-16,1.329125,1.0,104.226082,102.858958,0.013203695078098498,1794.0,1,Adv-ALSTM,kdd17,0.5,entr,0.42270908780599087,0,1.0,1,1,1
1930,AAPL.csv,2016-03-22,0.764798,1.0,104.96374,104.167072,0.0076188854821274835,1815.0,1,Adv-ALSTM,kdd17,0.5,entr,0.439669879401343,0,1.0,1,1,1
1959,AAPL.csv,2016-03-23,-0.552853,0.0,104.383445,104.96374,-0.005543867105295141,1930.0,1,Adv-ALSTM,kdd17,0.5,entr,0.6749869805043389,0,1.0,1,1,1
2027,AAPL.csv,2016-03-29,2.367142,1.0,105.90794,103.45892,0.023395600485644704,1959.0,1,Adv-ALSTM,kdd17,0.5,entr,0.03147906594716675,0,1.0,1,1,1
2062,AAPL.csv,2016-03-30,1.745912,1.0,107.756999,105.90794,0.017308456601191347,2027.0,1,Adv-ALSTM,kdd17,0.5,entr,0.1985152433458726,0,1.0,1,1,1
2088,AAPL.csv,2016-03-31,-0.520262,0.0,107.19638,107.756999,-0.005216203380974896,2062.0,1,Adv-ALSTM,kdd17,0.5,entr,0.5510799280869728,0,1.0,1,1,1
2115,AAPL.csv,2016-04-01,0.917515,1.0,108.179923,107.19638,0.009133315256547673,2088.0,1,Adv-ALSTM,kdd17,0.5,entr,0.4713934868100942,0,1.0,1,1,1
2151,AAPL.csv,2016-04-04,1.027371,1.0,109.291332,108.179923,0.010221292705295763,2115.0,1,Adv-ALSTM,kdd17,0.5,entr,0.13474216817976675,0,1.0,1,1,1
2174,AAPL.csv,2016-04-05,-1.178911,0.0,108.002885,109.291332,-0.011859147641256958,2151.0,1,Adv-ALSTM,kdd17,0.5,entr,0.3863867062886037,0,1.0,1,1,1
2212,AAPL.csv,2016-04-06,1.047265,1.0,109.133961,108.002885,0.010418187896453455,2174.0,1,Adv-ALSTM,kdd17,0.5,entr,0.11690684913753106,0,1.0,1,1,1
2250,AAPL.csv,2016-04-07,-2.180965,0.0,106.753788,109.133961,-0.0220509913701696,2212.0,1,Adv-ALSTM,kdd17,0.5,entr,0.07788250941109637,0,1.0,1,1,1
2330,AAPL.csv,2016-04-12,1.302519,1.0,108.622522,107.225885,0.012941086856203026,2250.0,1,Adv-ALSTM,kdd17,0.5,entr,0.0,0,1.0,1,0,1
2367,AAPL.csv,2016-04-13,1.448749,1.0,110.19619,108.622522,0.014383551721143988,2330.0,1,Adv-ALSTM,kdd17,0.5,entr,0.2663844632679204,0,1.0,1,1,1
2424,AAPL.csv,2016-04-15,-2.007137,0.0,108.042227,110.2552,-0.020275537299577512,2367.0,1,Adv-ALSTM,kdd17,0.5,entr,0.6640641265641081,0,1.0,1,1,1
2447,AAPL.csv,2016-04-18,-2.157482,0.0,105.711235,108.042227,-0.021810962829608163,2424.0,1,Adv-ALSTM,kdd17,0.5,entr,0.2129821973127643,0,1.0,1,1,1
2478,AAPL.csv,2016-04-19,-0.530332,0.0,105.150615,105.711235,-0.005317427699339643,2447.0,1,Adv-ALSTM,kdd17,0.5,entr,0.3568430183883457,0,1.0,1,1,1
2547,AAPL.csv,2016-04-21,-1.082794,0.0,104.226082,105.366989,-0.010886984607879258,2478.0,1,Adv-ALSTM,kdd17,0.5,entr,0.1985152433458726,0,1.0,1,1,1
2609,AAPL.csv,2016-04-25,-0.567751,0.0,103.350729,103.940854,-0.005693686021248651,2547.0,1,Adv-ALSTM,kdd17,0.5,entr,0.583258840128597,0,1.0,1,1,1
2632,AAPL.csv,2016-04-26,-0.694712,0.0,102.632739,103.350729,-0.006971364399520188,2609.0,1,Adv-ALSTM,kdd17,0.5,entr,0.6305810283860147,0,1.0,1,1,1
2659,AAPL.csv,2016-04-27,-6.257785,0.0,96.210203,102.632739,-0.06462156306566962,2632.0,1,Adv-ALSTM,kdd17,0.5,entr,0.42270908780599087,0,1.0,1,1,1
2683,AAPL.csv,2016-04-28,-3.056632,0.0,93.269411,96.210203,-0.031043214619357624,2659.0,1,Adv-ALSTM,kdd17,0.5,entr,0.6930971797265786,0,1.0,1,1,1
2715,AAPL.csv,2016-04-29,-1.149429,0.0,92.197345,93.269411,-0.011560863666880597,2683.0,1,Adv-ALSTM,kdd17,0.5,entr,0.5331638407372986,0,1.0,1,1,1
2778,AAPL.csv,2016-05-03,1.644597,1.0,93.613649,92.098992,0.01631219692606889,2715.0,1,Adv-ALSTM,kdd17,0.5,entr,0.6786267624557614,0,1.0,1,1,1
2813,AAPL.csv,2016-05-04,-1.040131,0.0,92.639944,93.613649,-0.010455786168028346,2778.0,1,Adv-ALSTM,kdd17,0.5,entr,0.6562408706276686,0,1.0,1,1,1
2862,AAPL.csv,2016-05-06,-0.557698,0.0,91.749363,92.263917,-0.005592589199472371,2813.0,1,Adv-ALSTM,kdd17,0.5,entr,0.6640641265641081,0,1.0,1,1,1
2925,AAPL.csv,2016-05-10,0.67895,1.0,92.442033,91.81863,0.0067665595950820575,2862.0,1,Adv-ALSTM,kdd17,0.5,entr,0.6786267624557614,0,1.0,1,1,1
2968,AAPL.csv,2016-05-11,-0.974092,0.0,91.541563,92.442033,-0.009788668225544514,2925.0,1,Adv-ALSTM,kdd17,0.5,entr,0.5331638407372986,0,1.0,1,1,1
2996,AAPL.csv,2016-05-12,-2.345698,0.0,89.394274,91.541563,-0.02373647867145033,2968.0,1,Adv-ALSTM,kdd17,0.5,entr,0.6108643020548935,0,1.0,1,1,1
3062,AAPL.csv,2016-05-16,3.711887,1.0,92.897216,89.57239,0.036446552491225255,2996.0,1,Adv-ALSTM,kdd17,0.5,entr,0.37677016125643675,0,1.0,1,1,1
3132,AAPL.csv,2016-05-18,1.144508,1.0,93.570098,92.511299,0.01138007822164539,3062.0,1,Adv-ALSTM,kdd17,0.5,entr,0.5452476702809597,0,1.0,1,1,1
3196,AAPL.csv,2016-05-20,1.082807,1.0,94.223192,93.213866,0.01076986340614126,3132.0,1,Adv-ALSTM,kdd17,0.5,entr,0.6562408706276686,0,1.0,1,1,1
3227,AAPL.csv,2016-05-23,1.27074,1.0,95.420524,94.223192,0.012627340728549237,3196.0,1,Adv-ALSTM,kdd17,0.5,entr,0.6929471672244782,0,1.0,1,1,1
3249,AAPL.csv,2016-05-24,1.524424,1.0,96.875137,95.420524,0.015129210281963226,3227.0,1,Adv-ALSTM,kdd17,0.5,entr,0.6923469670899615,0,1.0,1,1,1
3292,AAPL.csv,2016-05-25,1.756896,1.0,98.577132,96.875137,0.017416405865622146,3249.0,1,Adv-ALSTM,kdd17,0.5,entr,0.47889113905134384,0,1.0,1,1,1
3323,AAPL.csv,2016-05-26,0.793015,1.0,99.358863,98.577132,0.007898867151297801,3292.0,1,Adv-ALSTM,kdd17,0.5,entr,0.3957821603968735,0,1.0,1,1,1
3393,AAPL.csv,2016-06-01,-1.401965,0.0,97.429272,98.814618,-0.014118849896946567,3323.0,1,Adv-ALSTM,kdd17,0.5,entr,0.4558862130273584,0,1.0,1,1,1
3416,AAPL.csv,2016-06-02,-0.751572,0.0,96.697021,97.429272,-0.007544104011824559,3393.0,1,Adv-ALSTM,kdd17,0.5,entr,0.22696752250060448,0,1.0,1,1,1
3467,AAPL.csv,2016-06-06,0.725081,1.0,97.597491,96.894924,0.0072246524976966,3416.0,1,Adv-ALSTM,kdd17,0.5,entr,0.6504870093850912,0,1.0,1,1,1
3540,AAPL.csv,2016-06-09,0.717605,1.0,98.606817,97.904251,0.0071504266969046985,3467.0,1,Adv-ALSTM,kdd17,0.5,entr,0.11690684913753106,0,1.0,1,1,1
3567,AAPL.csv,2016-06-10,-0.822879,0.0,97.795402,98.606817,-0.0082628355290721,3540.0,1,Adv-ALSTM,kdd17,0.5,entr,0.6899437584583995,0,1.0,1,1,1
3600,AAPL.csv,2016-06-13,-1.507646,0.0,96.320994,97.795402,-0.015191260345931308,3567.0,1,Adv-ALSTM,kdd17,0.5,entr,0.056001534354847345,0,1.0,1,1,1
3709,AAPL.csv,2016-06-17,-2.275758,0.0,94.332041,96.528803,-0.023020531258930402,3600.0,1,Adv-ALSTM,kdd17,0.5,entr,0.6768585467349507,0,1.0,1,1,1
3775,AAPL.csv,2016-06-21,0.85174,1.0,94.905971,94.104446,0.008481329414406007,3709.0,1,Adv-ALSTM,kdd17,0.5,entr,0.30253782309749805,0,1.0,1,1,1
3820,AAPL.csv,2016-06-23,0.57561,1.0,95.093977,94.549739,0.005739599555923969,3775.0,1,Adv-ALSTM,kdd17,0.5,entr,0.1985152433458726,0,1.0,1,1,1
3858,AAPL.csv,2016-06-24,-2.80957,0.0,92.422245,95.093977,-0.028497937786335,3820.0,1,Adv-ALSTM,kdd17,0.5,entr,0.6913460990017393,0,1.0,1,1,1
3903,AAPL.csv,2016-06-27,-1.456103,0.0,91.076482,92.422245,-0.014668081360754,3858.0,1,Adv-ALSTM,kdd17,0.5,entr,0.6191006644255871,0,1.0,1,1,1
3948,AAPL.csv,2016-06-28,1.684045,1.0,92.610251,91.076482,0.016700222403688365,3903.0,1,Adv-ALSTM,kdd17,0.5,entr,0.6065680978792408,0,1.0,1,1,1
3988,AAPL.csv,2016-06-29,0.865483,1.0,93.411777,92.610251,0.008617591893976703,3948.0,1,Adv-ALSTM,kdd17,0.5,entr,0.6664589005803316,0,1.0,1,1,1
4032,AAPL.csv,2016-06-30,1.271183,1.0,94.599212,93.411777,0.012631716850467285,3988.0,1,Adv-ALSTM,kdd17,0.5,entr,0.6562408706276686,0,1.0,1,1,1
4100,AAPL.csv,2016-07-05,-0.938577,0.0,93.995597,94.886177,-0.009430095671227521,4032.0,1,Adv-ALSTM,kdd17,0.5,entr,0.583258840128597,0,1.0,1,1,1
4134,AAPL.csv,2016-07-06,0.568482,1.0,94.529945,93.995597,0.005668721863823155,4100.0,1,Adv-ALSTM,kdd17,0.5,entr,0.6305810283860147,0,1.0,1,1,1
4193,AAPL.csv,2016-07-08,0.771313,1.0,95.667907,94.935656,0.007683535301707927,4134.0,1,Adv-ALSTM,kdd17,0.5,entr,0.3957821603968735,0,1.0,1,1,1
4292,AAPL.csv,2016-07-13,-0.564561,0.0,95.855921,96.400159,-0.005661609804399648,4193.0,1,Adv-ALSTM,kdd17,0.5,entr,0.3957821603968735,0,1.0,1,1,1
4312,AAPL.csv,2016-07-14,1.982035,1.0,97.755819,95.855921,0.019626485317101334,4292.0,1,Adv-ALSTM,kdd17,0.5,entr,0.34651533691866615,0,1.0,1,1,1
4349,AAPL.csv,2016-07-18,1.062971,1.0,98.784933,97.745922,0.010573613799364346,4312.0,1,Adv-ALSTM,kdd17,0.5,entr,0.6709321847375349,0,1.0,1,1,1
4409,AAPL.csv,2016-07-21,-0.530211,0.0,98.389119,98.91357,-0.005316219843079795,4349.0,1,Adv-ALSTM,kdd17,0.5,entr,0.6890916952679865,0,1.0,1,1,1
4431,AAPL.csv,2016-07-22,-0.774411,0.0,97.627183,98.389119,-0.00777424969018787,4409.0,1,Adv-ALSTM,kdd17,0.5,entr,0.6913460990017393,0,1.0,1,1,1
4458,AAPL.csv,2016-07-25,-1.337936,0.0,96.320994,97.627183,-0.01346966771068476,4431.0,1,Adv-ALSTM,kdd17,0.5,entr,0.6881388137135884,0,1.0,1,1,1
4474,AAPL.csv,2016-07-26,-0.688307,0.0,95.65801,96.320994,-0.006906866082339294,4458.0,1,Adv-ALSTM,kdd17,0.5,entr,0.5567751167156654,0,1.0,1,1,1
4503,AAPL.csv,2016-07-27,6.496327,1.0,101.872267,95.65801,0.06294030901494646,4474.0,1,Adv-ALSTM,kdd17,0.5,entr,0.1517144790378862,0,1.0,1,1,1
4532,AAPL.csv,2016-07-28,1.350169,1.0,103.247715,101.872267,0.01341135663833669,4503.0,1,Adv-ALSTM,kdd17,0.5,entr,0.5567751167156654,0,1.0,1,1,1
4580,AAPL.csv,2016-08-01,1.765669,1.0,104.93982,103.119078,0.017502625439833403,4532.0,1,Adv-ALSTM,kdd17,0.5,entr,0.6899437584583995,0,1.0,1,1,1
4599,AAPL.csv,2016-08-02,-1.480433,0.0,103.386256,104.93982,-0.014915010447963164,4580.0,1,Adv-ALSTM,kdd17,0.5,entr,0.5976138445793562,0,1.0,1,1,1
4622,AAPL.csv,2016-08-03,1.253826,1.0,104.68254,103.386256,0.01246030924921749,4599.0,1,Adv-ALSTM,kdd17,0.5,entr,0.5072562521085695,0,1.0,1,1,1
4648,AAPL.csv,2016-08-04,0.617752,1.0,105.329219,104.68254,0.006158522236870731,4622.0,1,Adv-ALSTM,kdd17,0.5,entr,0.2663844632679204,0,1.0,1,1,1
4666,AAPL.csv,2016-08-05,1.520734,1.0,106.930996,105.329219,0.015092865200648278,4648.0,1,Adv-ALSTM,kdd17,0.5,entr,0.6341786357122057,0,1.0,1,1,1
4698,AAPL.csv,2016-08-08,0.82806,1.0,107.816449,106.930996,0.008246505730670763,4666.0,1,Adv-ALSTM,kdd17,0.5,entr,0.6150414544493459,0,1.0,1,1,1
4728,AAPL.csv,2016-08-10,-0.744415,0.0,107.448336,108.254196,-0.007471991560157776,4698.0,1,Adv-ALSTM,kdd17,0.5,entr,0.6926971130356336,0,1.0,1,1,1
4780,AAPL.csv,2016-08-15,1.201704,1.0,108.92078,107.627417,0.01194540889600101,4728.0,1,Adv-ALSTM,kdd17,0.5,entr,0.5623351446188083,0,1.0,1,1,1
4897,AAPL.csv,2016-08-22,-0.777248,0.0,107.955733,108.80139,-0.007802846604553189,4780.0,1,Adv-ALSTM,kdd17,0.5,entr,0.6870849202888889,0,1.0,1,1,1
4933,AAPL.csv,2016-08-24,-0.75333,0.0,107.478182,108.293993,-0.007561817341918505,4897.0,1,Adv-ALSTM,kdd17,0.5,entr,0.37677016125643675,0,1.0,1,1,1
4967,AAPL.csv,2016-08-26,-0.585662,0.0,106.393753,107.020532,-0.005873841126366506,4933.0,1,Adv-ALSTM,kdd17,0.5,entr,0.6881388137135884,0,1.0,1,1,1
5014,AAPL.csv,2016-08-30,-0.767646,0.0,105.458552,106.274363,-0.007706076659329951,4967.0,1,Adv-ALSTM,kdd17,0.5,entr,0.439669879401343,0,1.0,1,1,1
5054,AAPL.csv,2016-09-01,0.593784,1.0,106.184827,105.55804,0.005920282837449046,5014.0,1,Adv-ALSTM,kdd17,0.5,entr,0.42270908780599087,0,1.0,1,1,1
5068,AAPL.csv,2016-09-02,0.936944,1.0,107.179719,106.184827,0.00932581564454262,5054.0,1,Adv-ALSTM,kdd17,0.5,entr,0.6890916952679865,0,1.0,1,1,1
5127,AAPL.csv,2016-09-07,0.612817,1.0,107.806498,107.149865,0.006109472948582174,5068.0,1,Adv-ALSTM,kdd17,0.5,entr,0.0,0,1.0,1,0,1
5146,AAPL.csv,2016-09-08,-2.620897,0.0,104.981001,107.806498,-0.026558544023122143,5127.0,1,Adv-ALSTM,kdd17,0.5,entr,0.6065680978792408,0,1.0,1,1,1
5163,AAPL.csv,2016-09-09,-2.264974,0.0,102.603209,104.981001,-0.022910181877567673,5146.0,1,Adv-ALSTM,kdd17,0.5,entr,0.5623351446188083,0,1.0,1,1,1
5211,AAPL.csv,2016-09-12,2.239897,1.0,104.901415,102.603209,0.022151795297774418,5163.0,1,Adv-ALSTM,kdd17,0.5,entr,0.167944147734173,0,1.0,1,1,1
5255,AAPL.csv,2016-09-13,2.380495,1.0,107.398588,104.901415,0.023526030526292794,5211.0,1,Adv-ALSTM,kdd17,0.5,entr,0.6802920001921535,0,1.0,1,1,1
5304,AAPL.csv,2016-09-14,3.538676,1.0,111.199076,107.398588,0.034775037554695,5255.0,1,Adv-ALSTM,kdd17,0.5,entr,0.5976138445793562,0,1.0,1,1,1
5325,AAPL.csv,2016-09-15,3.399841,1.0,114.979668,111.199076,0.033433240302846404,5304.0,1,Adv-ALSTM,kdd17,0.5,entr,0.5392763414970504,0,1.0,1,1,1
5362,AAPL.csv,2016-09-16,-0.562431,0.0,114.332987,114.979668,-0.005640183393564255,5325.0,1,Adv-ALSTM,kdd17,0.5,entr,0.6562408706276686,0,1.0,1,1,1
5393,AAPL.csv,2016-09-19,-1.166026,0.0,112.999835,114.332987,-0.01172877080444002,5362.0,1,Adv-ALSTM,kdd17,0.5,entr,0.6802920001921535,0,1.0,1,1,1
5486,AAPL.csv,2016-09-22,0.942316,1.0,114.034524,112.96999,0.009379036432586748,5393.0,1,Adv-ALSTM,kdd17,0.5,entr,0.056001534354847345,0,1.0,1,1,1
5514,AAPL.csv,2016-09-23,-1.666379,0.0,112.134277,114.034524,-0.016804189680377547,5486.0,1,Adv-ALSTM,kdd17,0.5,entr,0.6534181947937018,0,1.0,1,1,1
5603,AAPL.csv,2016-09-28,0.760456,1.0,113.36794,112.512333,0.007575792969975166,5514.0,1,Adv-ALSTM,kdd17,0.5,entr,0.2663844632679204,0,1.0,1,1,1
5631,AAPL.csv,2016-09-29,-1.55331,0.0,111.606985,113.36794,-0.015654997678255133,5603.0,1,Adv-ALSTM,kdd17,0.5,entr,0.40496348506393853,0,1.0,1,1,1
5669,AAPL.csv,2016-09-30,0.775542,1.0,112.472544,111.606985,0.007725500930982742,5631.0,1,Adv-ALSTM,kdd17,0.5,entr,0.11690684913753106,0,1.0,1,1,1
5780,AAPL.csv,2016-10-06,0.74303,1.0,113.308249,112.472544,0.007402833566255735,5669.0,1,Adv-ALSTM,kdd17,0.5,entr,0.6786267624557614,0,1.0,1,1,1
5819,AAPL.csv,2016-10-10,1.744701,1.0,115.45722,113.477379,0.017296558647259288,5780.0,1,Adv-ALSTM,kdd17,0.5,entr,0.6230429935424382,0,1.0,1,1,1
5888,AAPL.csv,2016-10-12,0.894233,1.0,116.740624,115.705943,0.008902586491785618,5819.0,1,Adv-ALSTM,kdd17,0.5,entr,0.34651533691866615,0,1.0,1,1,1
5936,AAPL.csv,2016-10-14,0.555645,1.0,117.029143,116.38247,0.005541066669965161,5888.0,1,Adv-ALSTM,kdd17,0.5,entr,0.6108643020548935,0,1.0,1,1,1
6064,AAPL.csv,2016-10-24,0.900517,1.0,117.049045,116.004406,0.00896486185352687,5936.0,1,Adv-ALSTM,kdd17,0.5,entr,0.098039113279732,0,1.0,1,1,1
6114,AAPL.csv,2016-10-26,-2.249474,0.0,114.999563,117.645979,-0.022751608587713572,6064.0,1,Adv-ALSTM,kdd17,0.5,entr,0.5976138445793562,0,1.0,1,1,1
6142,AAPL.csv,2016-10-27,-0.960285,0.0,113.89524,114.999563,-0.009649249820939685,6114.0,1,Adv-ALSTM,kdd17,0.5,entr,0.5392763414970504,0,1.0,1,1,1
6168,AAPL.csv,2016-10-28,-0.663873,0.0,113.13912,113.89524,-0.006660866624520494,6142.0,1,Adv-ALSTM,kdd17,0.5,entr,0.098039113279732,0,1.0,1,1,1
6214,AAPL.csv,2016-11-01,-1.805534,0.0,110.920507,112.960039,-0.018220327400816475,6168.0,1,Adv-ALSTM,kdd17,0.5,entr,0.03147906594716675,0,1.0,1,1,1
6276,AAPL.csv,2016-11-03,-1.071873,0.0,109.830002,111.019995,-0.010776586214868747,6214.0,1,Adv-ALSTM,kdd17,0.5,entr,0.3669249912727096,0,1.0,1,1,1
6294,AAPL.csv,2016-11-04,-0.901399,0.0,108.839996,109.830002,-0.009054856846364681,6276.0,1,Adv-ALSTM,kdd17,0.5,entr,0.3250829733914482,0,1.0,1,1,1
6324,AAPL.csv,2016-11-07,1.442492,1.0,110.410004,108.839996,0.014321868515797061,6294.0,1,Adv-ALSTM,kdd17,0.5,entr,0.5929533174474745,0,1.0,1,1,1
6372,AAPL.csv,2016-11-08,0.588709,1.0,111.059998,110.410004,0.005869832125529673,6324.0,1,Adv-ALSTM,kdd17,0.5,entr,0.5510799280869728,0,1.0,1,1,1
6436,AAPL.csv,2016-11-10,-2.786793,0.0,107.790001,110.879997,-0.028263609314480267,6372.0,1,Adv-ALSTM,kdd17,0.5,entr,0.49339233174026287,0,1.0,1,1,1
6478,AAPL.csv,2016-11-11,0.593746,1.0,108.43,107.790001,0.0059199044132551715,6436.0,1,Adv-ALSTM,kdd17,0.5,entr,0.4862229646617922,0,1.0,1,1,1
6508,AAPL.csv,2016-11-14,-2.508532,0.0,105.709999,108.43,-0.025405317163362036,6478.0,1,Adv-ALSTM,kdd17,0.5,entr,0.5782220581743532,0,1.0,1,1,1
6545,AAPL.csv,2016-11-15,1.32438,1.0,107.110001,105.709999,0.013156866792006089,6508.0,1,Adv-ALSTM,kdd17,0.5,entr,0.5881687773541907,0,1.0,1,1,1
6581,AAPL.csv,2016-11-16,2.688822,1.0,109.989998,107.110001,0.026533081272819278,6545.0,1,Adv-ALSTM,kdd17,0.5,entr,0.5269079614313803,0,1.0,1,1,1
6659,AAPL.csv,2016-11-21,1.517359,1.0,111.730003,110.059998,0.015059619949982879,6581.0,1,Adv-ALSTM,kdd17,0.5,entr,0.6191006644255871,0,1.0,1,1,1
6723,AAPL.csv,2016-11-23,-0.509839,0.0,111.230003,111.800003,-0.005111430979551522,6659.0,1,Adv-ALSTM,kdd17,0.5,entr,0.6913460990017393,0,1.0,1,1,1
6829,AAPL.csv,2016-11-30,-0.843354,0.0,110.519997,111.459999,-0.008469300258754552,6723.0,1,Adv-ALSTM,kdd17,0.5,entr,0.2787693717685874,0,1.0,1,1,1
6872,AAPL.csv,2016-12-01,-0.931957,0.0,109.489998,110.519997,-0.009363270291982176,6829.0,1,Adv-ALSTM,kdd17,0.5,entr,0.25363894692169137,0,1.0,1,1,1
6929,AAPL.csv,2016-12-05,-0.718836,0.0,109.110001,109.900002,-0.007214322775867589,6872.0,1,Adv-ALSTM,kdd17,0.5,entr,0.5072562521085695,0,1.0,1,1,1
6958,AAPL.csv,2016-12-06,0.769862,1.0,109.949997,109.110001,0.007669132883570209,6929.0,1,Adv-ALSTM,kdd17,0.5,entr,0.6923469670899615,0,1.0,1,1,1
6980,AAPL.csv,2016-12-07,0.982267,1.0,111.029999,109.949997,0.009774736343959287,6958.0,1,Adv-ALSTM,kdd17,0.5,entr,0.5567751167156654,0,1.0,1,1,1
7023,AAPL.csv,2016-12-08,0.98172,1.0,112.120003,111.029999,0.009769326994033727,6980.0,1,Adv-ALSTM,kdd17,0.5,entr,0.5730569171314204,0,1.0,1,1,1
7045,AAPL.csv,2016-12-09,1.632174,1.0,113.949997,112.120003,0.016189976310723247,7023.0,1,Adv-ALSTM,kdd17,0.5,entr,0.6930971797265786,0,1.0,1,1,1
7076,AAPL.csv,2016-12-12,-0.57042,0.0,113.300003,113.949997,-0.005720534852020035,7045.0,1,Adv-ALSTM,kdd17,0.5,entr,0.6802920001921535,0,1.0,1,1,1
7111,AAPL.csv,2016-12-13,1.668137,1.0,115.190002,113.300003,0.016543761788696973,7076.0,1,Adv-ALSTM,kdd17,0.5,entr,0.5567751167156654,0,1.0,1,1,1
7230,AAPL.csv,2016-12-19,0.577734,1.0,116.639999,115.970001,0.005760714095428235,7111.0,1,Adv-ALSTM,kdd17,0.5,entr,0.6268694575724263,0,1.0,1,1,1
7290,AAPL.csv,2016-12-22,-0.65778,0.0,116.290001,117.059998,-0.006599526873675746,7230.0,1,Adv-ALSTM,kdd17,0.5,entr,0.1517144790378862,0,1.0,1,1,1
7319,AAPL.csv,2016-12-27,0.635088,1.0,117.260002,116.519997,0.006330802247602983,7290.0,1,Adv-ALSTM,kdd17,0.5,entr,0.2787693717685874,0,1.0,1,1,1
7376,AAPL.csv,2016-12-30,-0.779579,0.0,115.82,116.730003,-0.007826339567261906,7319.0,1,Adv-ALSTM,kdd17,0.5,entr,0.03147906594716675,0,1.0,1,1,1
