method,dataset,run,ticker filename,total log return,avg log return,sharpe ratio,total trading days skipped,total trading days successful,total trading days
Adv-ALSTM,stocknet,1,CHL.csv,-0.10891889474603854,-0.0025329975522334542,-0.1721425136457198,1,18,43
Adv-ALSTM,stocknet,1,CAT.csv,0.32580714569683605,0.006516142913936721,0.3456274838989468,1,25,50
Adv-ALSTM,stocknet,1,NEE.csv,-0.08785100505170265,-0.002311868553992175,-0.14554811906344256,1,20,38
Adv-ALSTM,stocknet,1,CHTR.csv,0.0512636496634741,0.0012205630872255738,0.060081157836333714,1,20,42
Adv-ALSTM,stocknet,1,PFE.csv,-0.0577908956380007,-0.0014447723909500176,-0.07568072645080517,1,17,40
Adv-ALSTM,stocknet,1,AAPL.csv,-0.15938802425578982,-0.003464957049038909,-0.18906174849902324,1,20,46
Adv-ALSTM,stocknet,1,BABA.csv,0.3138523493710593,0.006277046987421186,0.263445649805854,1,28,50
Adv-ALSTM,stocknet,1,HON.csv,0.1718801904755057,0.004407184371166813,0.2676910386240262,1,19,39
Adv-ALSTM,stocknet,1,EXC.csv,0.03314703797062818,0.0007366008437917373,0.042379412005125336,1,21,45
Adv-ALSTM,stocknet,1,CVX.csv,-0.12913744129601587,-0.002265569145544138,-0.10683714994725602,1,29,57
Adv-ALSTM,stocknet,1,TM.csv,0.06052080757355744,0.0013754728993990327,0.10602640876245908,1,23,44
Adv-ALSTM,stocknet,1,PTR.csv,0.4214323307126157,0.007662406012956649,0.34534520368903576,1,26,55
Adv-ALSTM,stocknet,1,JNJ.csv,0.008373328345044844,0.00024627436308955424,0.019637372231740866,1,20,34
Adv-ALSTM,stocknet,1,DUK.csv,0.06414665434182035,0.0016880698511005355,0.10001381946312421,1,21,38
Adv-ALSTM,stocknet,1,BCH.csv,0.1307347498774591,0.0030403430204060254,0.21712055247357384,1,19,43
Adv-ALSTM,stocknet,1,VZ.csv,0.05115259524515194,0.0011895952382593475,0.10128328332992485,1,21,43
Adv-ALSTM,stocknet,1,WFC.csv,0.09020660961016817,0.0021477764192897185,0.15102608836748577,1,18,42
Adv-ALSTM,stocknet,1,AMGN.csv,0.21108649827263845,0.004491202090907201,0.21885631530671898,1,25,47
Adv-ALSTM,stocknet,1,HD.csv,0.0062879819636278336,0.00016994545847642792,0.011096157717036436,1,23,37
Adv-ALSTM,stocknet,1,UL.csv,-0.19559707650956948,-0.0052864074732316075,-0.3814796375714062,1,19,37
Adv-ALSTM,stocknet,1,UNH.csv,-0.14326052889734048,-0.003114359323855228,-0.15813968911797308,1,24,46
Adv-ALSTM,stocknet,1,SLB.csv,0.08699893469177963,0.0018124778060787424,0.09250925852196204,1,21,48
Adv-ALSTM,stocknet,1,PEP.csv,-0.0023659189238872044,-6.759768353963441e-05,-0.0052321781675352145,1,18,35
Adv-ALSTM,stocknet,1,ABBV.csv,0.33745469852432375,0.006135539973169523,0.2193350366087302,1,29,55
Adv-ALSTM,stocknet,1,PPL.csv,0.003861948278947234,8.395539736841812e-05,0.0057790286157549725,1,25,46
Adv-ALSTM,stocknet,1,UPS.csv,0.003998481249040778,0.00010522319076423101,0.008382746618268603,1,18,38
Adv-ALSTM,stocknet,1,BBL.csv,0.04783851686478388,0.0008542592297282836,0.029405450337464317,1,24,56
Adv-ALSTM,stocknet,1,BSAC.csv,0.10174271801666888,0.0024224456670635447,0.13086160202781214,1,17,42
Adv-ALSTM,stocknet,1,KO.csv,-0.12815582724255842,-0.003372521769541011,-0.27758117617294525,1,21,38
Adv-ALSTM,stocknet,1,JPM.csv,-0.19825631561749602,-0.005217271463618316,-0.29377112998589394,1,18,38
Adv-ALSTM,stocknet,1,UTX.csv,0.1718456138823705,0.004406297791855654,0.3004750670937509,1,22,39
Adv-ALSTM,stocknet,1,D.csv,-0.09899910042399204,-0.002999972740120971,-0.20151441812656706,1,15,33
Adv-ALSTM,stocknet,1,HSBC.csv,0.1632805127772096,0.0038876312566002284,0.28106651380220365,1,19,42
Adv-ALSTM,stocknet,1,MRK.csv,0.13554208681125532,0.003663299643547441,0.19943337902945157,1,19,37
Adv-ALSTM,stocknet,1,ABB.csv,0.19706853569742544,0.004692107992795844,0.3513696541071416,1,21,42
Adv-ALSTM,stocknet,1,MDT.csv,-0.0393510006073518,-0.001063540556955454,-0.06660867992500198,1,22,37
Adv-ALSTM,stocknet,1,SPLP.csv,-0.039589149087547244,-0.0010996985857652012,-0.06465123021065732,1,13,36
Adv-ALSTM,stocknet,1,TOT.csv,0.044595262057634734,0.0010370991176194124,0.056337486047458196,1,19,43
Adv-ALSTM,stocknet,1,SO.csv,-0.0615266477614956,-0.0017090735489304334,-0.11527545066136652,1,21,36
Adv-ALSTM,stocknet,1,PG.csv,0.03392188617312394,0.0009691967478035411,0.0744524506538817,1,20,35
Adv-ALSTM,stocknet,1,TSM.csv,-0.11889632820418673,-0.002830864957242541,-0.180233755747572,1,21,42
Adv-ALSTM,stocknet,1,CELG.csv,0.0857935408310058,0.0016822262908040351,0.060404756427064776,1,25,51
Adv-ALSTM,stocknet,1,HRG.csv,0.24864085183896859,0.005290230890190821,0.32115905511754783,1,24,47
Adv-ALSTM,stocknet,1,INTC.csv,0.11495129204398985,0.002673285861488136,0.1738157925756309,1,25,43
Adv-ALSTM,stocknet,1,FB.csv,-0.10421612396702129,-0.0020434534111180647,-0.11703564950485838,1,29,51
Adv-ALSTM,stocknet,1,GOOG.csv,0.0712676766876329,0.0016197199247189294,0.08859225756165144,1,23,44
Adv-ALSTM,stocknet,1,BRK-A.csv,0.04812887403820812,0.001203221850955203,0.08326878681687244,1,16,40
Adv-ALSTM,stocknet,1,UN.csv,-0.06389145221172138,-0.0015972863052930344,-0.10300259179567693,1,21,40
Adv-ALSTM,stocknet,1,SRE.csv,-0.011948347906530106,-0.000291423119671466,-0.01902278928450351,1,18,41
Adv-ALSTM,stocknet,1,AMZN.csv,0.220772366281372,0.004599424297528584,0.2370665369190236,1,29,48
Adv-ALSTM,stocknet,1,GD.csv,0.0269356720691006,0.0006264109783511768,0.045631071616157495,1,20,43
Adv-ALSTM,stocknet,1,PICO.csv,0.04587724076709629,0.0008495785327240053,0.025880520881826467,1,26,54
Adv-ALSTM,stocknet,1,NVS.csv,-0.10273421080938619,-0.0021858342725401317,-0.1778504102310113,1,18,47
Adv-ALSTM,stocknet,1,AEP.csv,-0.000606433797907574,-1.5549584561732664e-05,-0.0009940730989371088,1,23,39
Adv-ALSTM,stocknet,1,CSCO.csv,0.135559710104164,0.0032276121453372383,0.18551827672486937,1,22,42
Adv-ALSTM,stocknet,1,BA.csv,0.23409007971061713,0.005443955342107375,0.3305902142184725,1,24,43
Adv-ALSTM,stocknet,1,MO.csv,0.11913827625525593,0.0030548275962886135,0.20728762049839997,1,22,39
Adv-ALSTM,stocknet,1,BAC.csv,0.029433884705706584,0.0006398670588197083,0.032404123615658635,1,22,46
Adv-ALSTM,stocknet,1,REX.csv,0.25592758140323674,0.004739399655615495,0.14958202518654162,1,27,54
Adv-ALSTM,stocknet,1,BP.csv,0.3021582892048582,0.006714628648996849,0.31290512216942606,1,18,45
Adv-ALSTM,stocknet,1,PM.csv,0.1260241113275037,0.0034060570629055056,0.2460943985193381,1,22,37
Adv-ALSTM,stocknet,1,LMT.csv,0.1739163631020059,0.00424186251468307,0.3363349702339327,1,21,41
Adv-ALSTM,stocknet,1,SNY.csv,-0.06856258663612674,-0.0015944787589796917,-0.07610162875499703,1,18,43
Adv-ALSTM,stocknet,1,SNP.csv,0.19533972649402898,0.004439539238500659,0.1750661087308321,1,20,44
Adv-ALSTM,stocknet,1,GE.csv,-0.15286190953461243,-0.00413140296039493,-0.2542177189228769,1,21,37
Adv-ALSTM,stocknet,1,NGG.csv,0.1250019923448456,0.00416673307816152,0.2736912728094934,1,16,30
Adv-ALSTM,stocknet,1,WMT.csv,0.07455045145897071,0.0019115500374095055,0.0877743432787475,1,20,39
Adv-ALSTM,stocknet,1,AGFS.csv,0.72861650154866,0.0145723300309732,0.2600367040377486,1,23,50
Adv-ALSTM,stocknet,1,DHR.csv,0.08208477160684015,0.0025651491127137546,0.15486201858814866,1,14,32
Adv-ALSTM,stocknet,1,MA.csv,-0.028148237630409884,-0.000703705940760247,-0.04588016037985939,1,21,40
Adv-ALSTM,stocknet,1,PCG.csv,-0.21397737861905422,-0.0053494344654763555,-0.38746641941939036,1,20,40
Adv-ALSTM,stocknet,1,T.csv,-0.017073125785784612,-0.00048780359387956036,-0.042804972252464935,1,17,35
Adv-ALSTM,stocknet,1,CMCSA.csv,0.0019751597252743447,5.064512116088063e-05,0.003322301109470212,1,19,39
Adv-ALSTM,stocknet,1,PCLN.csv,0.13765369925068557,0.0031284931647883084,0.14292158354239903,1,23,44
Adv-ALSTM,stocknet,1,DIS.csv,-0.154321948792617,-0.0036743321141099283,-0.22782727028702954,1,21,42
Adv-ALSTM,stocknet,1,BUD.csv,-0.10727367868301263,-0.002554135206738396,-0.18766651668913184,1,24,42
Adv-ALSTM,stocknet,1,C.csv,-0.028435195149243753,-0.00063189322553875,-0.033618858965717764,1,19,45
Adv-ALSTM,stocknet,1,IEP.csv,0.1481018555481034,0.0028481126066942962,0.13960254993658155,1,22,52
Adv-ALSTM,stocknet,1,CODI.csv,0.07456581397195916,0.0017753765231418848,0.138604523543417,1,20,42
Adv-ALSTM,stocknet,1,MCD.csv,0.12233602921002727,0.004077867640334242,0.2314330601370062,1,19,30
Adv-ALSTM,stocknet,1,MSFT.csv,-0.15253449447307194,-0.0038133623618267984,-0.17820678362823056,1,21,40
Adv-ALSTM,stocknet,1,MMM.csv,-0.026172605008278067,-0.0006887527633757386,-0.040654198260231776,1,19,38
Adv-ALSTM,stocknet,1,RDS-B.csv,0.1625617650015276,0.003187485588265247,0.13994780962180364,1,22,51
Adv-ALSTM,stocknet,1,BHP.csv,0.23214412822116082,0.003934646241036624,0.15682270613030785,1,27,59
Adv-ALSTM,stocknet,1,ORCL.csv,0.19089525496284143,0.004242116776952032,0.2488188173360995,1,24,45
Adv-ALSTM,stocknet,1,V.csv,0.08990578135036312,0.0019544735076165894,0.12383131921455408,1,25,46
Adv-ALSTM,stocknet,1,XOM.csv,-0.04776677700973616,-0.0010384081958638295,-0.05535460855717516,1,21,46
Adv-ALSTM,stocknet,2,CHL.csv,-0.12086715968939166,-0.002810864178823062,-0.1917005084302167,1,18,43
Adv-ALSTM,stocknet,2,CAT.csv,0.1917628035068893,0.0038352560701377858,0.19577931916744587,1,25,50
Adv-ALSTM,stocknet,2,NEE.csv,0.09554390736698999,0.0025143133517628946,0.15860914520189806,1,20,38
Adv-ALSTM,stocknet,2,CHTR.csv,0.051107962460901324,0.001216856249069079,0.05989802030936305,1,20,42
Adv-ALSTM,stocknet,2,PFE.csv,-0.0420173930925371,-0.0010504348273134277,-0.05494832962579164,1,17,40
Adv-ALSTM,stocknet,2,AAPL.csv,-0.1762110343993383,-0.0038306746608551805,-0.2098705769577988,1,20,46
Adv-ALSTM,stocknet,2,BABA.csv,0.2787023115337189,0.005574046230674378,0.23220876053860698,1,28,50
Adv-ALSTM,stocknet,2,HON.csv,0.06849990116488996,0.0017564077221766657,0.10352938652803141,1,19,39
Adv-ALSTM,stocknet,2,EXC.csv,-0.004934317611057176,-0.00010965150246793724,-0.006303004641495345,1,21,45
Adv-ALSTM,stocknet,2,CVX.csv,-0.28669262494129844,-0.005029695174408744,-0.24279024941850205,1,29,57
Adv-ALSTM,stocknet,2,TM.csv,0.04201858496286077,0.0009549678400650175,0.0733940384502346,1,23,44
Adv-ALSTM,stocknet,2,PTR.csv,0.1194271832427519,0.002171403331686398,0.09281788383909884,1,26,55
Adv-ALSTM,stocknet,2,JNJ.csv,-0.013376682631996895,-0.0003934318421175557,-0.03138106111288318,1,20,34
Adv-ALSTM,stocknet,2,DUK.csv,0.008691580756878134,0.00022872580939152984,0.01348360179549046,1,21,38
Adv-ALSTM,stocknet,2,BCH.csv,-0.018182717998307816,-0.00042285390693739107,-0.02950712482985132,1,19,43
Adv-ALSTM,stocknet,2,VZ.csv,0.14511209094739208,0.0033746997894742344,0.2985881862575645,1,21,43
Adv-ALSTM,stocknet,2,WFC.csv,-0.012195854167220957,-0.00029037748017192753,-0.0201883654626285,1,18,42
Adv-ALSTM,stocknet,2,AMGN.csv,0.12225808057083551,0.0026012357568262873,0.124745951365807,1,25,47
Adv-ALSTM,stocknet,2,HD.csv,-0.02834490096406844,-0.0007660784044342822,-0.050080404034925065,1,23,37
Adv-ALSTM,stocknet,2,UL.csv,-0.08899745493174031,-0.002405336619776765,-0.16411504635049706,1,19,37
Adv-ALSTM,stocknet,2,UNH.csv,-0.09803411664077062,-0.0021311764487124047,-0.1074879497832395,1,24,46
Adv-ALSTM,stocknet,2,SLB.csv,0.030531645027598156,0.0006360759380749616,0.032341762308370714,1,21,48
Adv-ALSTM,stocknet,2,PEP.csv,-0.07691719274928635,-0.0021976340785510385,-0.17268946697989826,1,18,35
Adv-ALSTM,stocknet,2,ABBV.csv,0.09662821840223669,0.0017568766982224854,0.06143873541574946,1,29,55
Adv-ALSTM,stocknet,2,PPL.csv,-0.015669838490526253,-0.00034064866283752725,-0.02345457541111377,1,25,46
Adv-ALSTM,stocknet,2,UPS.csv,-0.052714959370405934,-0.0013872357729054193,-0.1112116746481702,1,18,38
Adv-ALSTM,stocknet,2,BBL.csv,0.0036410444461676406,6.501865082442215e-05,0.0022371037317493376,1,24,56
Adv-ALSTM,stocknet,2,BSAC.csv,0.09127387857599155,0.0021731875851426557,0.11719608067179181,1,17,42
Adv-ALSTM,stocknet,2,KO.csv,-0.0897484828666092,-0.002361802180700242,-0.1905875064145079,1,21,38
Adv-ALSTM,stocknet,2,JPM.csv,-0.1927383217346964,-0.005072061098281485,-0.2849024993051763,1,18,38
Adv-ALSTM,stocknet,2,UTX.csv,0.10280419346268985,0.002636004960581791,0.1746346966448017,1,22,39
Adv-ALSTM,stocknet,2,D.csv,0.07328846428048781,0.002220862553954176,0.14778793294804252,1,15,33
Adv-ALSTM,stocknet,2,HSBC.csv,0.10680019131377891,0.0025428616979471168,0.17972898581751307,1,19,42
Adv-ALSTM,stocknet,2,MRK.csv,0.033528220143248105,0.0009061681119796785,0.04841239970126497,1,19,37
Adv-ALSTM,stocknet,2,ABB.csv,0.13337800103290054,0.0031756666912595368,0.2300573171296123,1,21,42
Adv-ALSTM,stocknet,2,MDT.csv,0.021599768374860526,0.0005837775236448791,0.03650340623503687,1,22,37
Adv-ALSTM,stocknet,2,SPLP.csv,0.0463733523129117,0.0012881486753586583,0.07579084875037982,1,13,36
Adv-ALSTM,stocknet,2,TOT.csv,-0.09277376243693711,-0.0021575293589985375,-0.11784058523999022,1,19,43
Adv-ALSTM,stocknet,2,SO.csv,-0.08669903719767855,-0.002408306588824404,-0.16354343842726013,1,21,36
Adv-ALSTM,stocknet,2,PG.csv,0.054693661791743425,0.0015626760511926693,0.12059441767544918,1,20,35
Adv-ALSTM,stocknet,2,TSM.csv,0.0018457387931488205,4.3946161741638585e-05,0.0027525254193921846,1,21,42
Adv-ALSTM,stocknet,2,CELG.csv,0.20756759064551683,0.004069952757755232,0.14748039208742733,1,25,51
Adv-ALSTM,stocknet,2,HRG.csv,0.034258360513616054,0.0007289012875237458,0.04212605346637838,1,24,47
Adv-ALSTM,stocknet,2,INTC.csv,-0.1096689579877269,-0.0025504408834355094,-0.16559865902457915,1,25,43
Adv-ALSTM,stocknet,2,FB.csv,-0.014089012384617185,-0.0002762551447964154,-0.015714684455595984,1,29,51
Adv-ALSTM,stocknet,2,GOOG.csv,0.10033797328092459,0.002280408483657377,0.12522416934128824,1,23,44
Adv-ALSTM,stocknet,2,BRK-A.csv,-0.022509756267777528,-0.0005627439066944382,-0.038836869670070676,1,16,40
Adv-ALSTM,stocknet,2,UN.csv,0.11866446163322271,0.002966611540830568,0.19390657184127158,1,21,40
Adv-ALSTM,stocknet,2,SRE.csv,-0.02916041971117089,-0.0007112297490529485,-0.046468608141094374,1,18,41
Adv-ALSTM,stocknet,2,AMZN.csv,0.17579212851094,0.0036623360106445833,0.1868146616111867,1,29,48
Adv-ALSTM,stocknet,2,GD.csv,0.020136218695160156,0.000468284155701399,0.03409625326480728,1,20,43
Adv-ALSTM,stocknet,2,PICO.csv,0.027322263327718983,0.0005059678394022034,0.015409792371102491,1,26,54
Adv-ALSTM,stocknet,2,NVS.csv,-0.06464979298132831,-0.001375527510241028,-0.11084319504166795,1,18,47
Adv-ALSTM,stocknet,2,AEP.csv,0.039372444730190234,0.0010095498648766727,0.06467811854134142,1,23,39
Adv-ALSTM,stocknet,2,CSCO.csv,-0.007110988553554909,-0.00016930925127511687,-0.009564943803486737,1,22,42
Adv-ALSTM,stocknet,2,BA.csv,0.050141513575843184,0.0011660817110661205,0.06730975634191098,1,24,43
Adv-ALSTM,stocknet,2,MO.csv,0.0703132264302487,0.0018029032418012487,0.12061645474345002,1,22,39
Adv-ALSTM,stocknet,2,BAC.csv,-0.02530331811227051,-0.0005500721328754459,-0.0278528315569418,1,22,46
Adv-ALSTM,stocknet,2,REX.csv,0.3658929105442543,0.006775794639708414,0.2164445940949397,1,27,54
Adv-ALSTM,stocknet,2,BP.csv,0.17836060393052325,0.00396356897623385,0.17895860644531378,1,18,45
Adv-ALSTM,stocknet,2,PM.csv,0.03623006532848734,0.0009791909548239823,0.06881119380459515,1,22,37
Adv-ALSTM,stocknet,2,LMT.csv,-0.0183242805569286,-0.00044693367212020975,-0.03356501947743335,1,21,41
Adv-ALSTM,stocknet,2,SNY.csv,0.043192122414720716,0.00100446796313304,0.04785596935794585,1,18,43
Adv-ALSTM,stocknet,2,SNP.csv,0.2705209204820142,0.0061482027382275956,0.24601113326528568,1,20,44
Adv-ALSTM,stocknet,2,GE.csv,-0.1535378750890792,-0.0041496722997048435,-0.25541708512782474,1,21,37
Adv-ALSTM,stocknet,2,NGG.csv,0.048238240658684095,0.0016079413552894698,0.10229796929897839,1,16,30
Adv-ALSTM,stocknet,2,WMT.csv,0.013252434485297424,0.0003398060124435237,0.015543777375296313,1,20,39
Adv-ALSTM,stocknet,2,AGFS.csv,-0.24372049815772195,-0.004874409963154439,-0.08443314208804839,1,23,50
Adv-ALSTM,stocknet,2,DHR.csv,0.004531601291138915,0.00014161254034809109,0.00844578060507401,1,14,32
Adv-ALSTM,stocknet,2,MA.csv,0.015329432001836861,0.00038323580004592155,0.024967224263554123,1,21,40
Adv-ALSTM,stocknet,2,PCG.csv,-0.009816973492501949,-0.0002454243373125487,-0.01655029474941546,1,20,40
Adv-ALSTM,stocknet,2,T.csv,-0.0548677746191557,-0.0015676507034044485,-0.1387883334422348,1,17,35
Adv-ALSTM,stocknet,2,CMCSA.csv,-0.09812551209875335,-0.0025160387717629066,-0.16740708622533265,1,19,39
Adv-ALSTM,stocknet,2,PCLN.csv,0.19757796204030337,0.004490408228188713,0.20745042616809012,1,23,44
Adv-ALSTM,stocknet,2,DIS.csv,-0.166963012074388,-0.003975309811294952,-0.2476146172951124,1,21,42
Adv-ALSTM,stocknet,2,BUD.csv,-0.014401364683030595,-0.0003428896353102523,-0.024759246326424837,1,24,42
Adv-ALSTM,stocknet,2,C.csv,0.03715485109565858,0.0008256633576813018,0.04394605525744669,1,19,45
Adv-ALSTM,stocknet,2,IEP.csv,-0.09927590805072084,-0.0019091520778984777,-0.09307081703087798,1,22,52
Adv-ALSTM,stocknet,2,CODI.csv,-0.021202880152676438,-0.0005048304798256295,-0.03906067295203431,1,20,42
Adv-ALSTM,stocknet,2,MCD.csv,0.065028047767699,0.002167601592256633,0.12064427102039928,1,19,30
Adv-ALSTM,stocknet,2,MSFT.csv,-0.18084434432999,-0.00452110860824975,-0.2126910744040518,1,21,40
Adv-ALSTM,stocknet,2,MMM.csv,-0.15637609510955386,-0.004115160397619839,-0.2503862368813943,1,19,38
Adv-ALSTM,stocknet,2,RDS-B.csv,0.21267530306620708,0.004170103981690335,0.18440543874583348,1,22,51
Adv-ALSTM,stocknet,2,BHP.csv,-0.11051625501249006,-0.0018731568646184755,-0.07394627168870352,1,27,59
Adv-ALSTM,stocknet,2,ORCL.csv,0.14617599014307975,0.003248355336512883,0.18808320986387506,1,24,45
Adv-ALSTM,stocknet,2,V.csv,-0.09224616961863695,-0.0020053515134486294,-0.12710739365092863,1,25,46
Adv-ALSTM,stocknet,2,XOM.csv,-0.05055032666177379,-0.0010989201448211694,-0.05859133678510534,1,21,46
Adv-ALSTM,stocknet,3,CHL.csv,-0.18804421292865303,-0.004373121230898907,-0.30655041200383737,1,18,43
Adv-ALSTM,stocknet,3,CAT.csv,0.25005644069808186,0.005001128813961637,0.2588641227597992,1,25,50
Adv-ALSTM,stocknet,3,NEE.csv,0.12601123015882063,0.00331608500417949,0.21121425753417386,1,20,38
Adv-ALSTM,stocknet,3,CHTR.csv,0.07938077565431037,0.0018900184679597708,0.09327588925703353,1,20,42
Adv-ALSTM,stocknet,3,PFE.csv,-0.08344766825015412,-0.002086191706253853,-0.10962978652221775,1,17,40
Adv-ALSTM,stocknet,3,AAPL.csv,0.05571120267428745,0.0012111131016149445,0.06504815203919245,1,20,46
Adv-ALSTM,stocknet,3,BABA.csv,0.4137348929033916,0.008274697858067831,0.3567308952779799,1,28,50
Adv-ALSTM,stocknet,3,HON.csv,0.23266850849349693,0.005965859192140947,0.37399304249041343,1,19,39
Adv-ALSTM,stocknet,3,EXC.csv,0.02732249874915856,0.0006071666388701902,0.034922296390658206,1,21,45
Adv-ALSTM,stocknet,3,CVX.csv,0.09667668687535824,0.001696082225883478,0.07977848790603091,1,29,57
Adv-ALSTM,stocknet,3,TM.csv,0.03730489597557595,0.0008478385448994534,0.0651226201344197,1,23,44
Adv-ALSTM,stocknet,3,PTR.csv,0.19200071623255435,0.00349092211331917,0.15026985867128398,1,26,55
Adv-ALSTM,stocknet,3,JNJ.csv,0.010026106665130279,0.00029488549015089057,0.023515542107785354,1,20,34
Adv-ALSTM,stocknet,3,DUK.csv,0.06585944424378062,0.0017331432695731743,0.10271285883290245,1,21,38
Adv-ALSTM,stocknet,3,BCH.csv,0.176503659107757,0.00410473625831993,0.2991314649137237,1,19,43
Adv-ALSTM,stocknet,3,VZ.csv,0.08146324719738482,0.0018944941208694143,0.16261623641524126,1,21,43
Adv-ALSTM,stocknet,3,WFC.csv,0.0520870136737635,0.0012401669922324642,0.08653406081051941,1,18,42
Adv-ALSTM,stocknet,3,AMGN.csv,0.32511814370221276,0.006917407312813037,0.3490081962290137,1,25,47
Adv-ALSTM,stocknet,3,HD.csv,-0.06275298492971788,-0.001696026619722105,-0.11143512368021595,1,23,37
Adv-ALSTM,stocknet,3,UL.csv,-0.027494520095635,-0.0007430951377198648,-0.050077953142686295,1,19,37
Adv-ALSTM,stocknet,3,UNH.csv,0.049388832353532364,0.0010736702685550513,0.053914551398313415,1,24,46
Adv-ALSTM,stocknet,3,SLB.csv,0.06248130707299272,0.0013016938973540151,0.06629859702465767,1,21,48
Adv-ALSTM,stocknet,3,PEP.csv,0.013155449196577284,0.00037586997704506527,0.029105261489905956,1,18,35
Adv-ALSTM,stocknet,3,ABBV.csv,0.4109502994039971,0.007471823625527219,0.2703229733405789,1,29,55
Adv-ALSTM,stocknet,3,PPL.csv,-0.008252047367421456,-0.0001793923340743795,-0.012349135026315796,1,25,46
Adv-ALSTM,stocknet,3,UPS.csv,-0.048179866743147025,-0.0012678912300828165,-0.10153795142866191,1,18,38
Adv-ALSTM,stocknet,3,BBL.csv,-0.0013857303122067899,-2.474518414654982e-05,-0.0008514083648921289,1,24,56
Adv-ALSTM,stocknet,3,BSAC.csv,0.0846374377130147,0.0020151770884051117,0.1085678843391179,1,17,42
Adv-ALSTM,stocknet,3,KO.csv,-0.08458524403944277,-0.002225927474722178,-0.17924974153293943,1,21,38
Adv-ALSTM,stocknet,3,JPM.csv,0.017184849900705488,0.00045223289212382864,0.024412922022926793,1,18,38
Adv-ALSTM,stocknet,3,UTX.csv,0.13492297159150834,0.00345956337414124,0.23183143484926366,1,22,39
Adv-ALSTM,stocknet,3,D.csv,-0.031085561670695927,-0.0009419867172938159,-0.06211372893407641,1,15,33
Adv-ALSTM,stocknet,3,HSBC.csv,0.10102737188330925,0.0024054136162692677,0.16971907939525457,1,19,42
Adv-ALSTM,stocknet,3,MRK.csv,0.0836997827012448,0.0022621562892228323,0.12162548390132123,1,19,37
Adv-ALSTM,stocknet,3,ABB.csv,0.1864009134850211,0.004438116987738598,0.33015763034306533,1,21,42
Adv-ALSTM,stocknet,3,MDT.csv,0.03631917399300847,0.000981599297108337,0.061456009678999904,1,22,37
Adv-ALSTM,stocknet,3,SPLP.csv,-0.012733723018719181,-0.000353714528297755,-0.02075490054025093,1,13,36
Adv-ALSTM,stocknet,3,TOT.csv,0.22203224446917408,0.00516354056905056,0.2920080296662417,1,19,43
Adv-ALSTM,stocknet,3,SO.csv,-0.021470376695973094,-0.0005963993526659193,-0.03998731023812499,1,21,36
Adv-ALSTM,stocknet,3,PG.csv,0.04131390227578816,0.0011803972078796617,0.09080189558886216,1,20,35
Adv-ALSTM,stocknet,3,TSM.csv,-0.06358129589969296,-0.001513840378564118,-0.09525722017713424,1,21,42
Adv-ALSTM,stocknet,3,CELG.csv,0.0038051921609148324,7.461161099833005e-05,0.0026741641588897466,1,25,51
Adv-ALSTM,stocknet,3,HRG.csv,0.0857416061099544,0.0018242894917011576,0.10593960292184791,1,24,47
Adv-ALSTM,stocknet,3,INTC.csv,0.022910476278809388,0.0005328017739257997,0.03413921986535034,1,25,43
Adv-ALSTM,stocknet,3,FB.csv,-0.05285002182384211,-0.0010362749377223943,-0.05904544778641205,1,29,51
Adv-ALSTM,stocknet,3,GOOG.csv,0.08724310001676552,0.001982797727653762,0.10866895104248385,1,23,44
Adv-ALSTM,stocknet,3,BRK-A.csv,0.11258677816859447,0.0028146694542148616,0.19796221409009868,1,16,40
Adv-ALSTM,stocknet,3,UN.csv,0.15670914885876536,0.003917728721469134,0.25982901351019216,1,21,40
Adv-ALSTM,stocknet,3,SRE.csv,0.014538696088496714,0.00035460234362187106,0.023148907922209357,1,18,41
Adv-ALSTM,stocknet,3,AMZN.csv,0.14191942864253304,0.002956654763386105,0.14989070383085604,1,29,48
Adv-ALSTM,stocknet,3,GD.csv,0.06419150867169793,0.0014928257830627426,0.10929176150423164,1,20,43
Adv-ALSTM,stocknet,3,PICO.csv,0.08731707329020767,0.0016169828387075495,0.04930192351689559,1,26,54
Adv-ALSTM,stocknet,3,NVS.csv,-0.13678280818907917,-0.002910272514661259,-0.23980750907109913,1,18,47
Adv-ALSTM,stocknet,3,AEP.csv,0.046674767693596825,0.0011967889152204314,0.07674063319479192,1,23,39
Adv-ALSTM,stocknet,3,CSCO.csv,0.15820006417710838,0.0037666681946930567,0.21789705949135657,1,22,42
Adv-ALSTM,stocknet,3,BA.csv,0.2103354405838493,0.004891521874043007,0.29389230819162593,1,24,43
Adv-ALSTM,stocknet,3,MO.csv,0.0856943152622905,0.0021972901349305257,0.1475369908059983,1,22,39
Adv-ALSTM,stocknet,3,BAC.csv,0.07439719793196208,0.0016173303898252625,0.08214269061312596,1,22,46
Adv-ALSTM,stocknet,3,REX.csv,-0.04446809371397852,-0.0008234832169255282,-0.02570764442324813,1,27,54
Adv-ALSTM,stocknet,3,BP.csv,0.07033371668647131,0.0015629714819215847,0.06961331660880814,1,18,45
Adv-ALSTM,stocknet,3,PM.csv,0.10601489185887117,0.0028652673475370585,0.2051630617388731,1,22,37
Adv-ALSTM,stocknet,3,LMT.csv,0.11226594619010968,0.0027381938095148704,0.21012048730892163,1,21,41
Adv-ALSTM,stocknet,3,SNY.csv,0.08940384724820881,0.0020791592383304375,0.09944124933099407,1,18,43
Adv-ALSTM,stocknet,3,SNP.csv,0.22865491270653673,0.005196702561512199,0.20612360867523108,1,20,44
Adv-ALSTM,stocknet,3,GE.csv,-0.24239075949866432,-0.006551101608072009,-0.4250533840338161,1,21,37
Adv-ALSTM,stocknet,3,NGG.csv,0.07430120552601376,0.002476706850867125,0.15875305780084065,1,16,30
Adv-ALSTM,stocknet,3,WMT.csv,0.06371487278101061,0.0016337146866925796,0.07493690965573437,1,20,39
Adv-ALSTM,stocknet,3,AGFS.csv,0.6365492220141651,0.012730984440283302,0.2253455913045353,1,23,50
Adv-ALSTM,stocknet,3,DHR.csv,0.09331939194126056,0.0029162309981643924,0.17669820309487824,1,14,32
Adv-ALSTM,stocknet,3,MA.csv,-0.08966642946200913,-0.0022416607365502283,-0.14761651714954174,1,21,40
Adv-ALSTM,stocknet,3,PCG.csv,-0.18566656060097772,-0.004641664015024443,-0.32998240606728063,1,20,40
Adv-ALSTM,stocknet,3,T.csv,-0.03445687778318825,-0.0009844822223768071,-0.08664019626334667,1,17,35
Adv-ALSTM,stocknet,3,CMCSA.csv,-0.03201305354865616,-0.0008208475268886195,-0.053927285645041186,1,19,39
Adv-ALSTM,stocknet,3,PCLN.csv,0.16781130805518352,0.0038138933648905345,0.17512534668815197,1,23,44
Adv-ALSTM,stocknet,3,DIS.csv,-0.13484684274004705,-0.003210639112858263,-0.19783609594939808,1,21,42
Adv-ALSTM,stocknet,3,BUD.csv,-0.008731728362150389,-0.00020789829433691403,-0.015008862285787959,1,24,42
Adv-ALSTM,stocknet,3,C.csv,0.038422374997436455,0.0008538305554985879,0.045448373278224256,1,19,45
Adv-ALSTM,stocknet,3,IEP.csv,0.24660614712179169,0.004742425906188301,0.2366591740410959,1,22,52
Adv-ALSTM,stocknet,3,CODI.csv,-0.00878998814283977,-0.00020928543197237549,-0.01618274805346298,1,20,42
Adv-ALSTM,stocknet,3,MCD.csv,0.1689440068973916,0.00563146689657972,0.3279531511417805,1,19,30
Adv-ALSTM,stocknet,3,MSFT.csv,-0.06499634389894926,-0.0016249085974737315,-0.07494319710222433,1,21,40
Adv-ALSTM,stocknet,3,MMM.csv,-0.1514198420058802,-0.003984732684365269,-0.24196491148141183,1,19,38
Adv-ALSTM,stocknet,3,RDS-B.csv,0.03784106215392109,0.000741981610861198,0.032273523672322266,1,22,51
Adv-ALSTM,stocknet,3,BHP.csv,0.08424804839870177,0.0014279330237068097,0.056304696360020876,1,27,59
Adv-ALSTM,stocknet,3,ORCL.csv,0.18929894051235807,0.004206643122496846,0.24660813751491453,1,24,45
Adv-ALSTM,stocknet,3,V.csv,0.023668247684375705,0.0005145271235733849,0.032364134068116675,1,25,46
Adv-ALSTM,stocknet,3,XOM.csv,0.060472387758969744,0.0013146171251949945,0.07014477133511969,1,21,46
Adv-ALSTM,stocknet,4,CHL.csv,-0.11544212416109965,-0.0026847005618860385,-0.18279465470213968,1,18,43
Adv-ALSTM,stocknet,4,CAT.csv,0.22100588864050394,0.004420117772810078,0.22709739287940756,1,25,50
Adv-ALSTM,stocknet,4,NEE.csv,0.07110646523121247,0.0018712227692424335,0.11736691830764572,1,20,38
Adv-ALSTM,stocknet,4,CHTR.csv,0.11342642553430184,0.002700629179388139,0.13390408518710478,1,20,42
Adv-ALSTM,stocknet,4,PFE.csv,-0.049657671382626056,-0.0012414417845656514,-0.06497984782514953,1,17,40
Adv-ALSTM,stocknet,4,AAPL.csv,-0.22783458432000228,-0.004952925746087006,-0.27555430386491636,1,20,46
Adv-ALSTM,stocknet,4,BABA.csv,0.38983449084580174,0.007796689816916035,0.3337013549486281,1,28,50
Adv-ALSTM,stocknet,4,HON.csv,0.16203270610243295,0.004154684771857255,0.25132774019920556,1,19,39
Adv-ALSTM,stocknet,4,EXC.csv,0.12147140222569351,0.0026993644939043004,0.15710838768341007,1,21,45
Adv-ALSTM,stocknet,4,CVX.csv,-0.0938209445108233,-0.001645981482646023,-0.07740731047482569,1,29,57
Adv-ALSTM,stocknet,4,TM.csv,0.00322740219166201,7.335004981050023e-05,0.005621935451570145,1,23,44
Adv-ALSTM,stocknet,4,PTR.csv,0.31053676151286796,0.0056461229365976,0.24768856376673,1,26,55
Adv-ALSTM,stocknet,4,JNJ.csv,0.01697886433079411,0.000499378362670415,0.0398439619995246,1,20,34
Adv-ALSTM,stocknet,4,DUK.csv,0.01925353525577434,0.0005066719804151142,0.02987969138232055,1,21,38
Adv-ALSTM,stocknet,4,BCH.csv,0.18098045854068243,0.004208847873039126,0.307442848809921,1,19,43
Adv-ALSTM,stocknet,4,VZ.csv,0.06785108477604246,0.0015779322040940106,0.1348856819879958,1,21,43
Adv-ALSTM,stocknet,4,WFC.csv,-0.03612062016798826,-0.0008600147659044824,-0.059889388105363844,1,18,42
Adv-ALSTM,stocknet,4,AMGN.csv,0.16121086711384086,0.0034300184492306565,0.16546603540773022,1,25,47
Adv-ALSTM,stocknet,4,HD.csv,0.009886482015886091,0.00026720221664557005,0.01744791629247536,1,23,37
Adv-ALSTM,stocknet,4,UL.csv,-0.05478864171178992,-0.0014807741003186464,-0.10017518135818941,1,19,37
Adv-ALSTM,stocknet,4,UNH.csv,-0.0147878235356495,-0.0003214744246880326,-0.016121108785627225,1,24,46
Adv-ALSTM,stocknet,4,SLB.csv,0.09967918932515103,0.002076649777607313,0.10613781216968952,1,21,48
Adv-ALSTM,stocknet,4,PEP.csv,0.013155449196577284,0.00037586997704506527,0.029105261489905956,1,18,35
Adv-ALSTM,stocknet,4,ABBV.csv,0.40791620268757606,0.007416658230683201,0.2681803621192936,1,29,55
Adv-ALSTM,stocknet,4,PPL.csv,-0.01020649710779822,-0.00022188037190865696,-0.015274587068385404,1,25,46
Adv-ALSTM,stocknet,4,UPS.csv,-0.07860590975679699,-0.002068576572547289,-0.16713716270266143,1,18,38
Adv-ALSTM,stocknet,4,BBL.csv,0.08640068666368544,0.0015428694047086686,0.05316186254537493,1,24,56
Adv-ALSTM,stocknet,4,BSAC.csv,0.06340476821174608,0.0015096373383749067,0.08111726911020208,1,17,42
Adv-ALSTM,stocknet,4,KO.csv,-0.1496721744560665,-0.003938741433054382,-0.32895685200909847,1,21,38
Adv-ALSTM,stocknet,4,JPM.csv,-0.25306144752047555,-0.00665951177685462,-0.38589630650720474,1,18,38
Adv-ALSTM,stocknet,4,UTX.csv,0.15062858472230325,0.0038622714031359808,0.26059429727885763,1,22,39
Adv-ALSTM,stocknet,4,D.csv,-0.08880846548348922,-0.0026911656207117946,-0.18003656230145323,1,15,33
Adv-ALSTM,stocknet,4,HSBC.csv,0.11422554196861714,0.002719655761157551,0.19268400881411563,1,19,42
Adv-ALSTM,stocknet,4,MRK.csv,0.007163718813085522,0.00019361402197528438,0.010332038494766068,1,19,37
Adv-ALSTM,stocknet,4,ABB.csv,0.1473042832712884,0.0035072448397925806,0.25560516080914664,1,21,42
Adv-ALSTM,stocknet,4,MDT.csv,-0.027341221590856217,-0.0007389519348880058,-0.046225476314200854,1,22,37
Adv-ALSTM,stocknet,4,SPLP.csv,-0.005019531689902268,-0.00013943143583061856,-0.008179885247668625,1,13,36
Adv-ALSTM,stocknet,4,TOT.csv,0.15502052149230724,0.003605128406797843,0.19946334945726593,1,19,43
Adv-ALSTM,stocknet,4,SO.csv,-0.13909237125986293,-0.003863676979440637,-0.26824617818392865,1,21,36
Adv-ALSTM,stocknet,4,PG.csv,-0.017694097001105663,-0.000505545628603019,-0.03875496253999306,1,20,35
Adv-ALSTM,stocknet,4,TSM.csv,-0.09598866812073008,-0.002285444479065002,-0.14467248477540312,1,21,42
Adv-ALSTM,stocknet,4,CELG.csv,0.045498853772481106,0.0008921343876957079,0.03199167004885882,1,25,51
Adv-ALSTM,stocknet,4,HRG.csv,0.11834145249605553,0.002517903244596926,0.14698359262707503,1,24,47
Adv-ALSTM,stocknet,4,INTC.csv,0.018694228146471162,0.0004347494917783991,0.027850977219652746,1,25,43
Adv-ALSTM,stocknet,4,FB.csv,-0.10310203649847821,-0.0020216085587936904,-0.11576732242777688,1,29,51
Adv-ALSTM,stocknet,4,GOOG.csv,0.037323097248522646,0.0008482522101936965,0.046261411957102934,1,23,44
Adv-ALSTM,stocknet,4,BRK-A.csv,-0.016271477016673128,-0.0004067869254168282,-0.028063385964055287,1,16,40
Adv-ALSTM,stocknet,4,UN.csv,0.010443187796244383,0.00026107969490610954,0.016747531339645683,1,21,40
Adv-ALSTM,stocknet,4,SRE.csv,0.031179531148781924,0.000760476369482486,0.049694044710878904,1,18,41
Adv-ALSTM,stocknet,4,AMZN.csv,0.1493883340391336,0.0031122569591486167,0.15797502496353974,1,29,48
Adv-ALSTM,stocknet,4,GD.csv,0.07468154822926648,0.0017367801913782902,0.1274277526600283,1,20,43
Adv-ALSTM,stocknet,4,PICO.csv,0.11431880239763091,0.002117014859215387,0.06460508846920726,1,26,54
Adv-ALSTM,stocknet,4,NVS.csv,-0.08113113813204975,-0.0017261944283414841,-0.1396053803301894,1,18,47
Adv-ALSTM,stocknet,4,AEP.csv,0.05868280344601837,0.0015046872678466249,0.09665350117021901,1,23,39
Adv-ALSTM,stocknet,4,CSCO.csv,0.11752133911557061,0.0027981271217993003,0.1601323868887742,1,22,42
Adv-ALSTM,stocknet,4,BA.csv,0.16749290534082983,0.0038951838451355774,0.2303337950622834,1,24,43
Adv-ALSTM,stocknet,4,MO.csv,0.08817641327393494,0.0022609336736906394,0.1519100870383583,1,22,39
Adv-ALSTM,stocknet,4,BAC.csv,-0.049464352860865896,-0.001075312018714476,-0.05450930127135167,1,22,46
Adv-ALSTM,stocknet,4,REX.csv,0.5562917491641193,0.010301699058594802,0.33988599355611643,1,27,54
Adv-ALSTM,stocknet,4,BP.csv,0.24108629295118225,0.005357473176692939,0.24523901887530927,1,18,45
Adv-ALSTM,stocknet,4,PM.csv,0.08695519776390792,0.0023501404801056195,0.16709954147180808,1,22,37
Adv-ALSTM,stocknet,4,LMT.csv,0.2327753123405966,0.005677446642453576,0.4723552668247088,1,21,41
Adv-ALSTM,stocknet,4,SNY.csv,0.08270136354258452,0.0019232875242461516,0.09191914993062898,1,18,43
Adv-ALSTM,stocknet,4,SNP.csv,0.20062126341892458,0.004559574168611922,0.179954210897726,1,20,44
Adv-ALSTM,stocknet,4,GE.csv,-0.1535378750890792,-0.0041496722997048435,-0.25541708512782474,1,21,37
Adv-ALSTM,stocknet,4,NGG.csv,0.11443688097170748,0.003814562699056916,0.24900198081335634,1,16,30
Adv-ALSTM,stocknet,4,WMT.csv,0.2102664903679905,0.005391448470974116,0.2546654422531064,1,20,39
Adv-ALSTM,stocknet,4,AGFS.csv,0.441034582439024,0.00882069164878048,0.15406949121210814,1,23,50
Adv-ALSTM,stocknet,4,DHR.csv,0.04492562024198912,0.00140392563256216,0.08403172281190376,1,14,32
Adv-ALSTM,stocknet,4,MA.csv,-0.06022536622517162,-0.0015056341556292905,-0.09854554529908922,1,21,40
Adv-ALSTM,stocknet,4,PCG.csv,-0.06367323859830021,-0.0015918309649575052,-0.10797046907260908,1,20,40
Adv-ALSTM,stocknet,4,T.csv,-0.009623049971195173,-0.00027494428489129063,-0.02411096780911579,1,17,35
Adv-ALSTM,stocknet,4,CMCSA.csv,-0.016152211367434374,-0.00041415926583165063,-0.02717883656666153,1,19,39
Adv-ALSTM,stocknet,4,PCLN.csv,0.24796676393705097,0.005635608271296613,0.26371786047640194,1,23,44
Adv-ALSTM,stocknet,4,DIS.csv,-0.12164762017067143,-0.0028963719088255105,-0.17780886744095448,1,21,42
Adv-ALSTM,stocknet,4,BUD.csv,-0.11822606003118472,-0.0028149061912186835,-0.20763221755581968,1,24,42
Adv-ALSTM,stocknet,4,C.csv,-0.07827981346691432,-0.0017395514103758737,-0.0929039315866439,1,19,45
Adv-ALSTM,stocknet,4,IEP.csv,0.12534937141216249,0.0024105648348492787,0.11782420096635213,1,22,52
Adv-ALSTM,stocknet,4,CODI.csv,0.019088459585353077,0.0004544871329845971,0.03516020835075626,1,20,42
Adv-ALSTM,stocknet,4,MCD.csv,0.06755552466078127,0.0022518508220260424,0.12540825153085425,1,19,30
Adv-ALSTM,stocknet,4,MSFT.csv,-0.20867849720380582,-0.005216962430095146,-0.24733638537177863,1,21,40
Adv-ALSTM,stocknet,4,MMM.csv,-0.1360304570165413,-0.00357974886885635,-0.21612304577120212,1,19,38
Adv-ALSTM,stocknet,4,RDS-B.csv,0.15164541786904864,0.002973439566059777,0.13038111032559116,1,22,51
Adv-ALSTM,stocknet,4,BHP.csv,0.13916550733248045,0.002358737412414923,0.09326748667677888,1,27,59
Adv-ALSTM,stocknet,4,ORCL.csv,0.09307579204182873,0.0020683509342628607,0.11849205076161384,1,24,45
Adv-ALSTM,stocknet,4,V.csv,0.004260089583591741,9.261064312155958e-05,0.005822262262743347,1,25,46
Adv-ALSTM,stocknet,4,XOM.csv,-0.0005192047084320497,-1.1287058878957601e-05,-0.0006007412535831771,1,21,46
Adv-ALSTM,stocknet,5,CHL.csv,-0.09902328216968874,-0.0023028670272020636,-0.15609268006649776,1,18,43
Adv-ALSTM,stocknet,5,CAT.csv,0.06308392364195083,0.0012616784728390164,0.06331058624048717,1,25,50
Adv-ALSTM,stocknet,5,NEE.csv,0.1446343842817752,0.0038061680074151366,0.24421186797877226,1,20,38
Adv-ALSTM,stocknet,5,CHTR.csv,0.02264353468539748,0.0005391317782237495,0.026498888102738337,1,20,42
Adv-ALSTM,stocknet,5,PFE.csv,-0.12651394549210584,-0.003162848637302646,-0.1675547283842612,1,17,40
Adv-ALSTM,stocknet,5,AAPL.csv,-0.1064537773927891,-0.0023142125520171546,-0.1250138060219331,1,20,46
Adv-ALSTM,stocknet,5,BABA.csv,0.3264546055643268,0.006529092111286537,0.27482225576803954,1,28,50
Adv-ALSTM,stocknet,5,HON.csv,0.1558940617653232,0.003997283635008287,0.24122560069126844,1,19,39
Adv-ALSTM,stocknet,5,EXC.csv,-0.009655392528779106,-0.00021456427841731347,-0.012334325973830605,1,21,45
Adv-ALSTM,stocknet,5,CVX.csv,0.03766627997352423,0.0006608119293600742,0.03099751220714175,1,29,57
Adv-ALSTM,stocknet,5,TM.csv,0.04004316731052086,0.0009100719843300194,0.06992587621043679,1,23,44
Adv-ALSTM,stocknet,5,PTR.csv,0.1016192519381082,0.0018476227625110581,0.07888223989825068,1,26,55
Adv-ALSTM,stocknet,5,JNJ.csv,-0.032569700546384604,-0.0009579323690113118,-0.07659871724017293,1,20,34
Adv-ALSTM,stocknet,5,DUK.csv,-0.11877163663169407,-0.0031255693850445808,-0.1875359046231652,1,21,38
Adv-ALSTM,stocknet,5,BCH.csv,0.14743417049062363,0.0034287016393168284,0.24647638051574042,1,19,43
Adv-ALSTM,stocknet,5,VZ.csv,0.07427836466948781,0.0017274038295229724,0.14793654924799474,1,21,43
Adv-ALSTM,stocknet,5,WFC.csv,0.01677086851996594,0.00039930639333252236,0.02776676482189888,1,18,42
Adv-ALSTM,stocknet,5,AMGN.csv,-0.013482490178774575,-0.0002868614931654165,-0.013650070263965006,1,25,47
Adv-ALSTM,stocknet,5,HD.csv,-0.01925367697468383,-0.0005203696479644279,-0.03399423656885025,1,23,37
Adv-ALSTM,stocknet,5,UL.csv,0.023840877109603153,0.0006443480299892744,0.043409404968890786,1,19,37
Adv-ALSTM,stocknet,5,UNH.csv,-0.031717603829672196,-0.0006895131267320042,-0.034593843669628435,1,24,46
Adv-ALSTM,stocknet,5,SLB.csv,0.10420371714848461,0.002170910773926763,0.11101480827216158,1,21,48
Adv-ALSTM,stocknet,5,PEP.csv,-0.04713289364953131,-0.0013466541042723233,-0.10481968971085642,1,18,35
Adv-ALSTM,stocknet,5,ABBV.csv,0.005125665200881772,9.319391274330494e-05,0.00325280196343449,1,29,55
Adv-ALSTM,stocknet,5,PPL.csv,0.040457574072152155,0.0008795124798293947,0.060653503063265994,1,25,46
Adv-ALSTM,stocknet,5,UPS.csv,-0.03327807050406199,-0.0008757386974753156,-0.06993939941007536,1,18,38
Adv-ALSTM,stocknet,5,BBL.csv,-0.2390178736450322,-0.004268176315089861,-0.14849464386837383,1,24,56
Adv-ALSTM,stocknet,5,BSAC.csv,0.12494292846808114,0.002974831630192408,0.16142268884975058,1,17,42
Adv-ALSTM,stocknet,5,KO.csv,-0.08252390185131299,-0.0021716816276661313,-0.1747426682263605,1,21,38
Adv-ALSTM,stocknet,5,JPM.csv,-0.019460622778520797,-0.0005121216520663367,-0.027648291088597413,1,18,38
Adv-ALSTM,stocknet,5,UTX.csv,0.16949001167982444,0.004345897735380114,0.2959831187739968,1,22,39
Adv-ALSTM,stocknet,5,D.csv,0.02819235221513841,0.0008543137034890427,0.05631277284972037,1,15,33
Adv-ALSTM,stocknet,5,HSBC.csv,0.17723186767285862,0.0042198063731633,0.3073057008435371,1,19,42
Adv-ALSTM,stocknet,5,MRK.csv,0.005657704830173256,0.00015291094135603395,0.008159786708682663,1,19,37
Adv-ALSTM,stocknet,5,ABB.csv,0.15835408122756764,0.0037703352673230392,0.27622151689947694,1,21,42
Adv-ALSTM,stocknet,5,MDT.csv,-0.055695577181587824,-0.001505285869772644,-0.09449121017679053,1,22,37
Adv-ALSTM,stocknet,5,SPLP.csv,-0.012453159811406423,-0.00034592110587240065,-0.020297410078171423,1,13,36
Adv-ALSTM,stocknet,5,TOT.csv,-0.05435869316883327,-0.0012641556550891458,-0.06872595923403063,1,19,43
Adv-ALSTM,stocknet,5,SO.csv,-0.1011027004886973,-0.0028084083469082583,-0.19166469528671623,1,21,36
Adv-ALSTM,stocknet,5,PG.csv,-0.013677310217432202,-0.00039078029192663436,-0.029947772567721184,1,20,35
Adv-ALSTM,stocknet,5,TSM.csv,-0.05937112520291295,-0.0014135982191169748,-0.08889667177252578,1,21,42
Adv-ALSTM,stocknet,5,CELG.csv,0.09614628495491487,0.0018852212736257818,0.0677260834546705,1,25,51
Adv-ALSTM,stocknet,5,HRG.csv,0.08481501489604604,0.0018045747850222562,0.10478182231299091,1,24,47
Adv-ALSTM,stocknet,5,INTC.csv,-0.07080013093662554,-0.0016465146729447802,-0.10604257537104636,1,25,43
Adv-ALSTM,stocknet,5,FB.csv,-0.12990921674746528,-0.0025472395440679467,-0.1464569710728737,1,29,51
Adv-ALSTM,stocknet,5,GOOG.csv,0.12295318552420631,0.0027943905800955978,0.1540697396614029,1,23,44
Adv-ALSTM,stocknet,5,BRK-A.csv,0.018636857123525197,0.00046592142808812994,0.03214700199704533,1,16,40
Adv-ALSTM,stocknet,5,UN.csv,0.06887085875528563,0.0017217714688821408,0.11112809995276102,1,21,40
Adv-ALSTM,stocknet,5,SRE.csv,-0.024561955814399353,-0.0005990720930341306,-0.039128144594027525,1,18,41
Adv-ALSTM,stocknet,5,AMZN.csv,-0.015467729526261208,-0.00032224436513044185,-0.016154409402888512,1,29,48
Adv-ALSTM,stocknet,5,GD.csv,0.034017507999240255,0.0007911048371916339,0.057664819032366525,1,20,43
Adv-ALSTM,stocknet,5,PICO.csv,-0.036842425788707306,-0.0006822671442353205,-0.020781233715294077,1,26,54
Adv-ALSTM,stocknet,5,NVS.csv,0.057822667248079884,0.0012302695159165933,0.09901372010446818,1,18,47
Adv-ALSTM,stocknet,5,AEP.csv,-0.07071342380441482,-0.0018131647129337135,-0.11672175189950354,1,23,39
Adv-ALSTM,stocknet,5,CSCO.csv,0.11122809210003934,0.0026482879071437937,0.15135027284097688,1,22,42
Adv-ALSTM,stocknet,5,BA.csv,0.10092915568854746,0.0023471896671755223,0.13645610236751524,1,24,43
Adv-ALSTM,stocknet,5,MO.csv,0.08183147981247803,0.002098243072114821,0.14074800517381958,1,22,39
Adv-ALSTM,stocknet,5,BAC.csv,0.19173958395995067,0.0041682518252163184,0.2159451654425484,1,22,46
Adv-ALSTM,stocknet,5,REX.csv,0.08436872017606617,0.0015623837069641882,0.04881751689147676,1,27,54
Adv-ALSTM,stocknet,5,BP.csv,0.15098399733827297,0.0033551999408505105,0.1507919140763996,1,18,45
Adv-ALSTM,stocknet,5,PM.csv,-0.09475616772052475,-0.0025609775059601283,-0.18258227922095055,1,22,37
Adv-ALSTM,stocknet,5,LMT.csv,0.0015960672331053888,3.892846910013143e-05,0.002921880440939498,1,21,41
Adv-ALSTM,stocknet,5,SNY.csv,0.08798362433894012,0.0020461307985800026,0.09784596767388266,1,18,43
Adv-ALSTM,stocknet,5,SNP.csv,0.07800923418654734,0.0017729371406033487,0.06900932593135604,1,20,44
Adv-ALSTM,stocknet,5,GE.csv,-0.18721887723871242,-0.005059969655100335,-0.3166582385754423,1,21,37
Adv-ALSTM,stocknet,5,NGG.csv,0.10260571947337897,0.0034201906491126326,0.22186785215341873,1,16,30
Adv-ALSTM,stocknet,5,WMT.csv,-0.037236138035837314,-0.0009547727701496747,-0.04371163999414362,1,20,39
Adv-ALSTM,stocknet,5,AGFS.csv,-0.19846248837004893,-0.003969249767400979,-0.06867011689609577,1,23,50
Adv-ALSTM,stocknet,5,DHR.csv,0.005909581367585995,0.00018467441773706235,0.011014277729138277,1,14,32
Adv-ALSTM,stocknet,5,MA.csv,-0.11057442747998189,-0.002764360686999547,-0.1831056361679886,1,21,40
Adv-ALSTM,stocknet,5,PCG.csv,-0.006963338113468727,-0.00017408345283671816,-0.011738572552915879,1,20,40
Adv-ALSTM,stocknet,5,T.csv,-0.03130819270372749,-0.0008945197915350712,-0.07866998111091085,1,17,35
Adv-ALSTM,stocknet,5,CMCSA.csv,0.20517044487390163,0.005260780637792349,0.36834844599381006,1,19,39
Adv-ALSTM,stocknet,5,PCLN.csv,0.16696971839719424,0.0037947663272089598,0.17421972788368392,1,23,44
Adv-ALSTM,stocknet,5,DIS.csv,-0.026940585253000807,-0.0006414425060238287,-0.03878554560677489,1,21,42
Adv-ALSTM,stocknet,5,BUD.csv,-0.15825030020902728,-0.003767864290691126,-0.2829137804960371,1,24,42
Adv-ALSTM,stocknet,5,C.csv,-0.08889032817976766,-0.001975340626217059,-0.1056317278669811,1,19,45
Adv-ALSTM,stocknet,5,IEP.csv,-0.020482803092849073,-0.0003939000594778668,-0.019121878717009197,1,22,52
Adv-ALSTM,stocknet,5,CODI.csv,0.025199346937279692,0.0005999844508876118,0.04643807327619059,1,20,42
Adv-ALSTM,stocknet,5,MCD.csv,0.13102766880759428,0.004367588960253143,0.2488924170337483,1,19,30
Adv-ALSTM,stocknet,5,MSFT.csv,0.09494069312099788,0.002373517328024947,0.10982935049890473,1,21,40
Adv-ALSTM,stocknet,5,MMM.csv,-0.10974643093627853,-0.00288806397200733,-0.1729214286653216,1,19,38
Adv-ALSTM,stocknet,5,RDS-B.csv,-0.1539187589908601,-0.0030180148821737276,-0.13237034489245483,1,22,51
Adv-ALSTM,stocknet,5,BHP.csv,-0.08278561482461964,-0.001403146013976604,-0.05532425198555864,1,27,59
Adv-ALSTM,stocknet,5,ORCL.csv,0.19725955566482434,0.004383545681440541,0.257667835532979,1,24,45
Adv-ALSTM,stocknet,5,V.csv,0.024073659769966546,0.0005233404297818815,0.03291910642240628,1,25,46
Adv-ALSTM,stocknet,5,XOM.csv,0.004979325526412631,0.00010824620709592676,0.00576138160315644,1,21,46
Adv-ALSTM,kdd17,1,HD.csv,-0.03854729544337941,-0.00027533782459556724,-0.017470524728708924,1,75,140
Adv-ALSTM,kdd17,1,INTC.csv,0.3039835749435196,0.0020539430739427,0.10946964336098394,1,81,148
Adv-ALSTM,kdd17,1,UNH.csv,0.057121200712092084,0.00040511489866731974,0.025698705141862975,1,76,141
Adv-ALSTM,kdd17,1,SYT.csv,0.17713780987429428,0.001610343726129948,0.09130999206084499,1,54,110
Adv-ALSTM,kdd17,1,GE.csv,-0.08560869425844352,-0.0006585284173726424,-0.044398154300004794,1,63,130
Adv-ALSTM,kdd17,1,CHL.csv,0.08895293028807821,0.0005358610258317964,0.034641110462349946,1,79,166
Adv-ALSTM,kdd17,1,PEP.csv,0.1306005850277423,0.0011356572611108027,0.09083580476380754,1,65,115
Adv-ALSTM,kdd17,1,NGG.csv,0.11647981659103672,0.0008088876152155328,0.05043689002843046,1,71,144
Adv-ALSTM,kdd17,1,DCM.csv,0.26206276977979326,0.001455904276554407,0.07727950266347688,1,91,180
Adv-ALSTM,kdd17,1,XOM.csv,-0.22296038687490521,-0.0016515584212955941,-0.10211567620728085,1,72,135
Adv-ALSTM,kdd17,1,PFE.csv,0.18488471615443955,0.0013495234755798507,0.08597339949574284,1,63,137
Adv-ALSTM,kdd17,1,WMT.csv,0.22946306823703747,0.0017651005249002883,0.10673048046175547,1,70,130
Adv-ALSTM,kdd17,1,GOOGL.csv,0.2501390726121635,0.0017250970524976793,0.10378867565005119,1,76,145
Adv-ALSTM,kdd17,1,NTT.csv,0.08481855662851805,0.0005048723608840359,0.02840928400458547,1,85,168
Adv-ALSTM,kdd17,1,AAPL.csv,0.13014504076587874,0.0008185222689677908,0.04441750654561786,1,86,159
Adv-ALSTM,kdd17,1,DOW.csv,-0.05020323012571323,-0.00031976579697906517,-0.01992971567746019,1,83,157
Adv-ALSTM,kdd17,1,MA.csv,0.008212933245675694,5.333073536153048e-05,0.0031563852324478303,1,82,154
Adv-ALSTM,kdd17,1,AMZN.csv,-0.06590414753236046,-0.0003899653700139672,-0.017360096477851313,1,90,169
Adv-ALSTM,kdd17,1,VALE.csv,0.4849271616084748,0.0022142792767510266,0.04434593900392233,1,117,219
Adv-ALSTM,kdd17,1,UPS.csv,0.07723109393464456,0.0006895633387021835,0.05374216215267211,1,64,112
Adv-ALSTM,kdd17,1,T.csv,-0.058091236914741426,-0.0004722864789816376,-0.0357213986537165,1,76,123
Adv-ALSTM,kdd17,1,EXC.csv,0.3009854164579073,0.0016721412025439294,0.10041582280532867,1,98,180
Adv-ALSTM,kdd17,1,CMCSA.csv,0.1735690678410002,0.0014111306328536601,0.09547795809919543,1,67,123
Adv-ALSTM,kdd17,1,RIO.csv,0.5810215401787432,0.002740667642352562,0.09046649851805973,1,108,212
Adv-ALSTM,kdd17,1,DIS.csv,-0.12008592831985104,-0.0009237379101527004,-0.06171867071339768,1,67,130
Adv-ALSTM,kdd17,1,NVS.csv,-0.2825780706801095,-0.0019093112883791182,-0.12181247120868821,1,66,148
Adv-ALSTM,kdd17,1,KO.csv,-0.024536061172557144,-0.00022718575159775132,-0.01710586242397626,1,59,108
Adv-ALSTM,kdd17,1,BAC.csv,0.051900655639988066,0.0002775436130480645,0.011840546154385602,1,103,187
Adv-ALSTM,kdd17,1,CVX.csv,-0.1447201441768191,-0.0009276932319026866,-0.04907539880566142,1,86,156
Adv-ALSTM,kdd17,1,MO.csv,-0.07085251561741872,-0.0005535352782610837,-0.03981950194112493,1,74,128
Adv-ALSTM,kdd17,1,BA.csv,0.18136935399719983,0.001193219434192104,0.06062269357268527,1,84,152
Adv-ALSTM,kdd17,1,JPM.csv,0.13462095008893785,0.0009480348597812524,0.046206417758488674,1,81,142
Adv-ALSTM,kdd17,1,TM.csv,-0.05923063085352942,-0.00033846074773445384,-0.019081995783762705,1,92,175
Adv-ALSTM,kdd17,1,D.csv,0.00815933716555478,5.828097975396272e-05,0.004202790929063148,1,79,140
Adv-ALSTM,kdd17,1,PTR.csv,0.5741784585029606,0.0030541407367178754,0.12245411328507591,1,90,188
Adv-ALSTM,kdd17,1,MRK.csv,0.055810885994256265,0.00036717688154115966,0.02189283793428417,1,79,152
Adv-ALSTM,kdd17,1,JNJ.csv,-0.21152541860183327,-0.0019768730710451707,-0.1563614575926827,1,55,107
Adv-ALSTM,kdd17,1,MSFT.csv,-0.13969199197809407,-0.0009633930481247867,-0.052155047975297145,1,78,145
Adv-ALSTM,kdd17,1,BRK-B.csv,0.03778912557570882,0.0003072286632171449,0.02381478995253214,1,70,123
Adv-ALSTM,kdd17,1,MMM.csv,-0.02300432236373491,-0.00021702190909183878,-0.01562520154213135,1,61,106
Adv-ALSTM,kdd17,1,RDS-B.csv,0.3052549948603334,0.0016589945372844207,0.0722597967053715,1,98,184
Adv-ALSTM,kdd17,1,TOT.csv,0.1297673310195214,0.0007052572338017468,0.03417038277290001,1,99,184
Adv-ALSTM,kdd17,1,BHP.csv,0.6338227100399891,0.003003899099715588,0.09481058657145588,1,108,211
Adv-ALSTM,kdd17,1,ORCL.csv,-0.3200257479176657,-0.0024808197512997342,-0.1503168947879264,1,64,129
Adv-ALSTM,kdd17,1,WFC.csv,-0.0025903459028794318,-1.618966189299645e-05,-0.0008615874545848661,1,78,160
Adv-ALSTM,kdd17,1,DUK.csv,0.2596286237458109,0.0018813668387377602,0.13102694213123142,1,79,138
Adv-ALSTM,kdd17,1,VZ.csv,0.04391727206941455,0.00031147001467669893,0.023309777665677052,1,80,141
Adv-ALSTM,kdd17,1,SO.csv,-0.018990866565974637,-0.00013468699692180595,-0.01067861730294505,1,76,141
Adv-ALSTM,kdd17,1,PG.csv,0.16847465365182981,0.0013265720759986599,0.10942340365971397,1,68,127
Adv-ALSTM,kdd17,1,SPY.csv,-0.14862056491640066,-0.0015012178274383906,-0.11903255326581773,1,55,99
Adv-ALSTM,kdd17,2,HD.csv,-0.14057950041677536,-0.0010041392886912526,-0.06383467861566862,1,75,140
Adv-ALSTM,kdd17,2,INTC.csv,0.06864560815919371,0.00046382167675130886,0.024580129203705097,1,81,148
Adv-ALSTM,kdd17,2,UNH.csv,0.282149045681964,0.0020010570615742124,0.12793771662207265,1,76,141
Adv-ALSTM,kdd17,2,SYT.csv,0.34274778276128615,0.0031158889341935106,0.17875320065520356,1,54,110
Adv-ALSTM,kdd17,2,GE.csv,0.09807666804362877,0.0007544359080279136,0.05088005624664526,1,63,130
Adv-ALSTM,kdd17,2,CHL.csv,0.18795654019356295,0.0011322683144190538,0.07334984418114153,1,79,166
Adv-ALSTM,kdd17,2,PEP.csv,0.12343285870217134,0.0010733292061058377,0.08581236461867187,1,65,115
Adv-ALSTM,kdd17,2,NGG.csv,0.07595065795479178,0.000527435124686054,0.032863184293534964,1,71,144
Adv-ALSTM,kdd17,2,DCM.csv,0.7148878910433198,0.00397159939468511,0.21501266041344494,1,91,180
Adv-ALSTM,kdd17,2,XOM.csv,-0.29079803938642906,-0.0021540595510105855,-0.13367846420973928,1,72,135
Adv-ALSTM,kdd17,2,PFE.csv,0.14138618757207272,0.001032015967679363,0.06564472158976666,1,63,137
Adv-ALSTM,kdd17,2,WMT.csv,0.1331397694978811,0.0010241520730606237,0.06169303923431769,1,70,130
Adv-ALSTM,kdd17,2,GOOGL.csv,-0.08144217797724512,-0.000561670192946518,-0.033629644126896736,1,76,145
Adv-ALSTM,kdd17,2,NTT.csv,0.26126288335508907,0.0015551362104469588,0.08781097314042746,1,85,168
Adv-ALSTM,kdd17,2,AAPL.csv,0.05898101432241208,0.0003709497756126546,0.020113908971264725,1,86,159
Adv-ALSTM,kdd17,2,DOW.csv,-0.3200473370738232,-0.002038518070533906,-0.12807139878112847,1,83,157
Adv-ALSTM,kdd17,2,MA.csv,-0.042099764710193,-0.00027337509552073376,-0.01618178494564966,1,82,154
Adv-ALSTM,kdd17,2,AMZN.csv,-0.15732491249329633,-0.0009309166419721676,-0.0414711831394271,1,90,169
Adv-ALSTM,kdd17,2,VALE.csv,1.6475497293229007,0.007523058124762103,0.15226026228954492,1,117,219
Adv-ALSTM,kdd17,2,UPS.csv,0.11225798563332424,0.0010023034431546807,0.07824300352893628,1,64,112
Adv-ALSTM,kdd17,2,T.csv,-0.3209996174148017,-0.002609752987112209,-0.20124899743277141,1,76,123
Adv-ALSTM,kdd17,2,EXC.csv,0.0709519588869399,0.00039417754937188837,0.023558711498623566,1,98,180
Adv-ALSTM,kdd17,2,CMCSA.csv,0.16974530692905399,0.0013800431457646665,0.09335586770400206,1,67,123
Adv-ALSTM,kdd17,2,RIO.csv,0.7386705228254676,0.0034842949189880547,0.11530537295824779,1,108,212
Adv-ALSTM,kdd17,2,DIS.csv,-0.1599125567802774,-0.0012300965906175186,-0.08230999275387463,1,67,130
Adv-ALSTM,kdd17,2,NVS.csv,-0.06348545835315439,-0.0004289557996834756,-0.027174961018693364,1,66,148
Adv-ALSTM,kdd17,2,KO.csv,-0.15530299464226036,-0.0014379906911320404,-0.10890299024434125,1,59,108
Adv-ALSTM,kdd17,2,BAC.csv,0.1878002171827342,0.001004279236271306,0.04288105274725342,1,103,187
Adv-ALSTM,kdd17,2,CVX.csv,-0.010582837718175184,-6.783870332163579e-05,-0.00358438030163949,1,86,156
Adv-ALSTM,kdd17,2,MO.csv,0.006922573660669826,5.408260672398301e-05,0.0038874489683704155,1,74,128
Adv-ALSTM,kdd17,2,BA.csv,0.29849977455527565,0.0019638143062847085,0.10009037705904363,1,84,152
Adv-ALSTM,kdd17,2,JPM.csv,0.2200729507240054,0.0015498095121408832,0.07567258903674524,1,81,142
Adv-ALSTM,kdd17,2,TM.csv,0.35157611481313644,0.0020090063703607796,0.11398200245501693,1,92,175
Adv-ALSTM,kdd17,2,D.csv,-0.11106389516485653,-0.0007933135368918323,-0.05730188292452599,1,79,140
Adv-ALSTM,kdd17,2,PTR.csv,-0.4221618042326457,-0.002245541511875775,-0.08972360034321737,1,90,188
Adv-ALSTM,kdd17,2,MRK.csv,-0.0014040597999238624,-9.237235525814885e-06,-0.0005506353317841458,1,79,152
Adv-ALSTM,kdd17,2,JNJ.csv,-0.10520450271121151,-0.0009832196515066496,-0.07705574948520134,1,55,107
Adv-ALSTM,kdd17,2,MSFT.csv,0.15788455922536831,0.001088859029140471,0.058969788147881806,1,78,145
Adv-ALSTM,kdd17,2,BRK-B.csv,-0.0003746034358540467,-3.04555638905729e-06,-0.0002360084504876037,1,70,123
Adv-ALSTM,kdd17,2,MMM.csv,-0.09249597934865617,-0.0008726035787609073,-0.06294370502469487,1,61,106
Adv-ALSTM,kdd17,2,RDS-B.csv,0.05013567913659847,0.0002724765170467308,0.011837892985429511,1,98,184
Adv-ALSTM,kdd17,2,TOT.csv,-0.09528651093221441,-0.000517861472457687,-0.025084095794338714,1,99,184
Adv-ALSTM,kdd17,2,BHP.csv,0.4570737128304366,0.002166226127158467,0.06822381475863357,1,108,211
Adv-ALSTM,kdd17,2,ORCL.csv,-0.034161771618262005,-0.00026481993502528687,-0.015868249032202308,1,64,129
Adv-ALSTM,kdd17,2,WFC.csv,0.21022135047904708,0.0013138834404940443,0.07009535694475814,1,78,160
Adv-ALSTM,kdd17,2,DUK.csv,0.28931860089719064,0.00209651160070428,0.1463168220412985,1,79,138
Adv-ALSTM,kdd17,2,VZ.csv,0.011264323450846422,7.988881880032923e-05,0.005977187846022996,1,80,141
Adv-ALSTM,kdd17,2,SO.csv,0.217931452573787,0.0015456131388211843,0.1234735948713049,1,76,141
Adv-ALSTM,kdd17,2,PG.csv,0.12745118383098733,0.0010035526285904514,0.08256605548329235,1,68,127
Adv-ALSTM,kdd17,2,SPY.csv,-0.16414720953239167,-0.0016580526215393097,-0.1316754354136795,1,55,99
Adv-ALSTM,kdd17,3,HD.csv,-0.0021369779517197846,-1.526412822656989e-05,-0.0009683793930492986,1,75,140
Adv-ALSTM,kdd17,3,INTC.csv,-0.021797052634267067,-0.00014727738266396667,-0.007802799341255317,1,81,148
Adv-ALSTM,kdd17,3,UNH.csv,-0.17917656642937224,-0.0012707557902792359,-0.08084917523505546,1,76,141
Adv-ALSTM,kdd17,3,SYT.csv,0.27806935287739376,0.002527903207976307,0.14422882493275643,1,54,110
Adv-ALSTM,kdd17,3,GE.csv,-0.011649511615220653,-8.961162780938965e-05,-0.0060357577924579344,1,63,130
Adv-ALSTM,kdd17,3,CHL.csv,-0.05324147918065064,-0.00032073180229307615,-0.020725904047073994,1,79,166
Adv-ALSTM,kdd17,3,PEP.csv,0.13801791694662038,0.0012001557995358295,0.09604143697857555,1,65,115
Adv-ALSTM,kdd17,3,NGG.csv,-0.07825331354843293,-0.0005434257885307842,-0.03386065658658273,1,71,144
Adv-ALSTM,kdd17,3,DCM.csv,0.6618489232921714,0.0036769384627342856,0.19840260653456931,1,91,180
Adv-ALSTM,kdd17,3,XOM.csv,-0.05009932580459543,-0.0003711061170710773,-0.022831859145312754,1,72,135
Adv-ALSTM,kdd17,3,PFE.csv,0.23471849829175528,0.0017132737101587976,0.10939607265323717,1,63,137
Adv-ALSTM,kdd17,3,WMT.csv,0.40551124269282934,0.003119317251483303,0.19095738474831336,1,70,130
Adv-ALSTM,kdd17,3,GOOGL.csv,-0.053573513986580924,-0.00036947251025228224,-0.022114788372032908,1,76,145
Adv-ALSTM,kdd17,3,NTT.csv,0.11857177118776244,0.0007057843523081098,0.039730041982314473,1,85,168
Adv-ALSTM,kdd17,3,AAPL.csv,0.04297186803322868,0.00027026332096370236,0.014653015242745256,1,86,159
Adv-ALSTM,kdd17,3,DOW.csv,-0.08460968850835071,-0.0005389152134289854,-0.03360077902992617,1,83,157
Adv-ALSTM,kdd17,3,MA.csv,-0.04852973027897203,-0.0003151281186946236,-0.0186540635565342,1,82,154
Adv-ALSTM,kdd17,3,AMZN.csv,-0.22441963249969005,-0.0013279268195247932,-0.059210522059195574,1,90,169
Adv-ALSTM,kdd17,3,VALE.csv,1.228476308261111,0.005609480859639776,0.11294859090695171,1,117,219
Adv-ALSTM,kdd17,3,UPS.csv,0.050117650312048116,0.00044747902064328675,0.03484557432838376,1,64,112
Adv-ALSTM,kdd17,3,T.csv,-0.16283954717160426,-0.0013238987574927176,-0.10057776175289837,1,76,123
Adv-ALSTM,kdd17,3,EXC.csv,-0.15807345991299715,-0.0008781858884055397,-0.05254446616773074,1,98,180
Adv-ALSTM,kdd17,3,CMCSA.csv,0.09373797909716036,0.0007620973910338241,0.051396944787017416,1,67,123
Adv-ALSTM,kdd17,3,RIO.csv,0.6461427196684791,0.003047843017304147,0.10070408948431255,1,108,212
Adv-ALSTM,kdd17,3,DIS.csv,-0.13730681519610227,-0.0010562062707392481,-0.07061108853612277,1,67,130
Adv-ALSTM,kdd17,3,NVS.csv,0.04407497638813955,0.0002978038945144564,0.018862668914014995,1,66,148
Adv-ALSTM,kdd17,3,KO.csv,-0.15862983129900549,-0.0014687947342500508,-0.11126470625875907,1,59,108
Adv-ALSTM,kdd17,3,BAC.csv,-0.012894776932142284,-6.895602637509243e-05,-0.0029416026516120505,1,103,187
Adv-ALSTM,kdd17,3,CVX.csv,-0.1446326834546519,-0.0009271325862477686,-0.049045668567873145,1,86,156
Adv-ALSTM,kdd17,3,MO.csv,0.059700934989906404,0.0004664135546086438,0.03354448017505956,1,74,128
Adv-ALSTM,kdd17,3,BA.csv,0.06296778379235149,0.00041426173547599664,0.021012821943145726,1,84,152
Adv-ALSTM,kdd17,3,JPM.csv,0.1724726395191556,0.0012145960529518,0.05923924835248224,1,81,142
Adv-ALSTM,kdd17,3,TM.csv,0.17388062987260178,0.00099360359927201,0.0560964395096069,1,92,175
Adv-ALSTM,kdd17,3,D.csv,0.1629955224826729,0.0011642537320190921,0.08425619352103589,1,79,140
Adv-ALSTM,kdd17,3,PTR.csv,0.44624922224942337,0.0023736660757948053,0.09488806662747873,1,90,188
Adv-ALSTM,kdd17,3,MRK.csv,0.04470515336625484,0.00029411285109378184,0.0175348958619587,1,79,152
Adv-ALSTM,kdd17,3,JNJ.csv,-0.26859360615457645,-0.0025102206182670696,-0.20006432324027804,1,55,107
Adv-ALSTM,kdd17,3,MSFT.csv,0.014789829204505278,0.0001019988221000364,0.005514430720264354,1,78,145
Adv-ALSTM,kdd17,3,BRK-B.csv,-0.01727368231008895,-0.0001404364415454386,-0.010883451423424121,1,70,123
Adv-ALSTM,kdd17,3,MMM.csv,0.11481978907393832,0.001083205557301305,0.07821976745489682,1,61,106
Adv-ALSTM,kdd17,3,RDS-B.csv,0.6188210868469776,0.0033631580806900954,0.14769758536977012,1,98,184
Adv-ALSTM,kdd17,3,TOT.csv,0.05697189904784968,0.00030962988612961783,0.014994758386917554,1,99,184
Adv-ALSTM,kdd17,3,BHP.csv,0.5480160314110817,0.0025972323763558372,0.08188187611737557,1,108,211
Adv-ALSTM,kdd17,3,ORCL.csv,-0.1826334980776425,-0.0014157635509894767,-0.08513228071843525,1,64,129
Adv-ALSTM,kdd17,3,WFC.csv,0.1531484974752219,0.000957178109220137,0.05100607767635737,1,78,160
Adv-ALSTM,kdd17,3,DUK.csv,0.30757371989078375,0.002228795071672346,0.15576775618099883,1,79,138
Adv-ALSTM,kdd17,3,VZ.csv,-0.20837095126277594,-0.0014778081649842265,-0.11125288819923626,1,80,141
Adv-ALSTM,kdd17,3,SO.csv,0.042337416347872255,0.00030026536416930677,0.023811876546272183,1,76,141
Adv-ALSTM,kdd17,3,PG.csv,0.12348624411929615,0.0009723326308605997,0.07998063959886849,1,68,127
Adv-ALSTM,kdd17,3,SPY.csv,0.03177097710777261,0.00032091896068457183,0.025273851187995158,1,55,99
Adv-ALSTM,kdd17,4,HD.csv,0.06668584370470734,0.00047632745503362387,0.03023282683823895,1,75,140
Adv-ALSTM,kdd17,4,INTC.csv,0.007197317389421601,4.86305229014973e-05,0.002576389149243081,1,81,148
Adv-ALSTM,kdd17,4,UNH.csv,0.11993344238656632,0.0008505917899756477,0.054019065386203075,1,76,141
Adv-ALSTM,kdd17,4,SYT.csv,0.3154767669135735,0.0028679706083052136,0.1641267063170272,1,54,110
Adv-ALSTM,kdd17,4,GE.csv,0.14689748374745143,0.001129980644211165,0.07633113935376604,1,63,130
Adv-ALSTM,kdd17,4,CHL.csv,0.08026872870435493,0.00048354655845996947,0.03125570129289535,1,79,166
Adv-ALSTM,kdd17,4,PEP.csv,0.19246628242622646,0.0016736198471845778,0.13452250295846657,1,65,115
Adv-ALSTM,kdd17,4,NGG.csv,0.19549473683379331,0.0013576023391235646,0.08484880083432123,1,71,144
Adv-ALSTM,kdd17,4,DCM.csv,0.39365614839215746,0.0021869786021786524,0.11652543489484157,1,91,180
Adv-ALSTM,kdd17,4,XOM.csv,-0.30321706463256504,-0.002246052330611593,-0.13949701766841083,1,72,135
Adv-ALSTM,kdd17,4,PFE.csv,0.07240376644936045,0.0005284946456157696,0.03356291525989611,1,63,137
Adv-ALSTM,kdd17,4,WMT.csv,0.33548473131689965,0.0025806517793607667,0.1570734629013742,1,70,130
Adv-ALSTM,kdd17,4,GOOGL.csv,0.13812154335129556,0.0009525623679399694,0.0570950927050176,1,76,145
Adv-ALSTM,kdd17,4,NTT.csv,0.07035388920101596,0.00041877315000604735,0.023561477576131515,1,85,168
Adv-ALSTM,kdd17,4,AAPL.csv,0.021507534115028218,0.00013526751015741016,0.0073332792929502785,1,86,159
Adv-ALSTM,kdd17,4,DOW.csv,-0.05341023485141175,-0.0003401925786714124,-0.021203393542836457,1,83,157
Adv-ALSTM,kdd17,4,MA.csv,-0.10178877735788959,-0.0006609660867395428,-0.039149314513230324,1,82,154
Adv-ALSTM,kdd17,4,AMZN.csv,-0.4384707162323614,-0.0025945012794814284,-0.11626446777702269,1,90,169
Adv-ALSTM,kdd17,4,VALE.csv,0.10397488778847752,0.00047477117711633573,0.009499416292058884,1,117,219
Adv-ALSTM,kdd17,4,UPS.csv,0.11260755347368592,0.0010054245845864814,0.07848816189689611,1,64,112
Adv-ALSTM,kdd17,4,T.csv,-0.23927036434949017,-0.0019452875150365054,-0.14866649846041533,1,76,123
Adv-ALSTM,kdd17,4,EXC.csv,-0.3204759609078731,-0.0017804220050437396,-0.10699087701202624,1,98,180
Adv-ALSTM,kdd17,4,CMCSA.csv,0.014450099833206425,0.00011748048644883272,0.007912773107713234,1,67,123
Adv-ALSTM,kdd17,4,RIO.csv,0.6700724779883582,0.0031607192357941427,0.10447380617752784,1,108,212
Adv-ALSTM,kdd17,4,DIS.csv,-0.2501117332058415,-0.001923936409275704,-0.1293775410961997,1,67,130
Adv-ALSTM,kdd17,4,NVS.csv,0.04860955110349298,0.000328442912861439,0.020804126888680573,1,66,148
Adv-ALSTM,kdd17,4,KO.csv,0.0989575085215854,0.0009162732270517166,0.06914649530679277,1,59,108
Adv-ALSTM,kdd17,4,BAC.csv,-0.056202822419060786,-0.00030054985250834647,-0.012822192751585661,1,103,187
Adv-ALSTM,kdd17,4,CVX.csv,-0.002867196405497357,-1.837946413780357e-05,-0.0009711063349185723,1,86,156
Adv-ALSTM,kdd17,4,MO.csv,0.07051889138509089,0.0005509288389460226,0.03963170577378296,1,74,128
Adv-ALSTM,kdd17,4,BA.csv,0.045624740396068286,0.0003001627657636071,0.015223711315122809,1,84,152
Adv-ALSTM,kdd17,4,JPM.csv,0.15468565518633337,0.001089335599903756,0.05311158892956644,1,81,142
Adv-ALSTM,kdd17,4,TM.csv,0.18207594759055074,0.0010404339862317186,0.058749339804344956,1,92,175
Adv-ALSTM,kdd17,4,D.csv,0.2138746346924927,0.0015276759620892336,0.11084317163636218,1,79,140
Adv-ALSTM,kdd17,4,PTR.csv,-0.10235438912034028,-0.00054443824000181,-0.021671369121921528,1,90,188
Adv-ALSTM,kdd17,4,MRK.csv,-0.0444134481040401,-0.0002921937375265796,-0.01742044397693017,1,79,152
Adv-ALSTM,kdd17,4,JNJ.csv,-0.11577753789556268,-0.001082033064444511,-0.08485353702744501,1,55,107
Adv-ALSTM,kdd17,4,MSFT.csv,-0.061919156178267626,-0.0004270286632983974,-0.023092581063000616,1,78,145
Adv-ALSTM,kdd17,4,BRK-B.csv,-0.02346729260810244,-0.00019079099681384098,-0.014786542462754224,1,70,123
Adv-ALSTM,kdd17,4,MMM.csv,-0.043364433234662825,-0.0004090984267421021,-0.02946365105387313,1,61,106
Adv-ALSTM,kdd17,4,RDS-B.csv,0.24210173476985128,0.0013157702976622353,0.057254463833652514,1,98,184
Adv-ALSTM,kdd17,4,TOT.csv,0.12809319550440737,0.0006961586712196053,0.03372904122116408,1,99,184
Adv-ALSTM,kdd17,4,BHP.csv,0.23568064230196384,0.0011169698687296865,0.03511797156402508,1,108,211
Adv-ALSTM,kdd17,4,ORCL.csv,0.20904480526776364,0.0016205023664167724,0.0975541330365377,1,64,129
Adv-ALSTM,kdd17,4,WFC.csv,0.017728309368242073,0.00011080193355151296,0.005896799517228755,1,78,160
Adv-ALSTM,kdd17,4,DUK.csv,0.17947548275681324,0.0013005469764986468,0.09016982726629225,1,79,138
Adv-ALSTM,kdd17,4,VZ.csv,-0.04265374393650756,-0.0003025088222447345,-0.022638789089883336,1,80,141
Adv-ALSTM,kdd17,4,SO.csv,0.054351895406966985,0.0003854744355104041,0.030574850660122676,1,76,141
Adv-ALSTM,kdd17,4,PG.csv,0.15237533495954378,0.0011998057870830218,0.09885847815496594,1,68,127
Adv-ALSTM,kdd17,4,SPY.csv,-0.12801020665442522,-0.0012930323904487397,-0.10233651986331489,1,55,99
Adv-ALSTM,kdd17,5,HD.csv,0.017424386905682362,0.00012445990646915974,0.007896168996085504,1,75,140
Adv-ALSTM,kdd17,5,INTC.csv,-0.07019593010056985,-0.0004742968250038503,-0.025135606627748157,1,81,148
Adv-ALSTM,kdd17,5,UNH.csv,-0.12439842634644466,-0.0008822583428825862,-0.05603637851324116,1,76,141
Adv-ALSTM,kdd17,5,SYT.csv,0.3598754491471117,0.0032715949922464704,0.18799654933613638,1,54,110
Adv-ALSTM,kdd17,5,GE.csv,0.19470360013649646,0.0014977200010499727,0.1013977754566505,1,63,130
Adv-ALSTM,kdd17,5,CHL.csv,0.14839876838572946,0.0008939684842513824,0.05785352405384831,1,79,166
Adv-ALSTM,kdd17,5,PEP.csv,0.06848239732276307,0.0005954991071544614,0.04748805455911892,1,65,115
Adv-ALSTM,kdd17,5,NGG.csv,0.056178683097946464,0.00039012974373573935,0.02430203999985279,1,71,144
Adv-ALSTM,kdd17,5,DCM.csv,0.18664772028703377,0.0010369317793724098,0.05495915754061429,1,91,180
Adv-ALSTM,kdd17,5,XOM.csv,-0.3738590860552374,-0.002769326563372129,-0.17288019813952893,1,72,135
Adv-ALSTM,kdd17,5,PFE.csv,0.1882472597637483,0.0013740675895164108,0.0875489831139253,1,63,137
Adv-ALSTM,kdd17,5,WMT.csv,0.2537198759459829,0.0019516913534306376,0.11816415553164292,1,70,130
Adv-ALSTM,kdd17,5,GOOGL.csv,-0.2275305018477094,-0.0015691758748117889,-0.09431959022893463,1,76,145
Adv-ALSTM,kdd17,5,NTT.csv,0.08051115822175825,0.0004792330846533229,0.026965472432313942,1,85,168
Adv-ALSTM,kdd17,5,AAPL.csv,0.30481693040214586,0.0019170876125921123,0.10449803995345366,1,86,159
Adv-ALSTM,kdd17,5,DOW.csv,-0.275404901787905,-0.0017541713489675477,-0.10997180079470104,1,83,157
Adv-ALSTM,kdd17,5,MA.csv,-0.1830508906770475,-0.0011886421472535552,-0.07052543617161976,1,82,154
Adv-ALSTM,kdd17,5,AMZN.csv,-0.21592819852278256,-0.0012776816480638022,-0.05696269853227839,1,90,169
Adv-ALSTM,kdd17,5,VALE.csv,0.40650945415991646,0.0018562075532416278,0.03716383352803893,1,117,219
Adv-ALSTM,kdd17,5,UPS.csv,-0.04490278695130746,-0.0004009177406366738,-0.031216035440898997,1,64,112
Adv-ALSTM,kdd17,5,T.csv,-0.1904083374872686,-0.001548035264124135,-0.11782648594874807,1,76,123
Adv-ALSTM,kdd17,5,EXC.csv,0.08851011722747117,0.0004917228734859509,0.02939324088344133,1,98,180
Adv-ALSTM,kdd17,5,CMCSA.csv,0.22513535305006363,0.001830368723984257,0.12423408954844081,1,67,123
Adv-ALSTM,kdd17,5,RIO.csv,0.4037746544216845,0.0019045974265173796,0.06273549079194744,1,108,212
Adv-ALSTM,kdd17,5,DIS.csv,0.0013810171306156693,1.0623208697043611e-05,0.0007084213599305591,1,67,130
Adv-ALSTM,kdd17,5,NVS.csv,-0.18036366892706662,-0.001218673438696396,-0.07740845848691234,1,66,148
Adv-ALSTM,kdd17,5,KO.csv,-0.22766936277426997,-0.0021080496553173146,-0.1607578480714157,1,59,108
Adv-ALSTM,kdd17,5,BAC.csv,-0.5427067307463889,-0.002902175030729352,-0.1247687225226159,1,103,187
Adv-ALSTM,kdd17,5,CVX.csv,-0.1526928278251429,-0.0009788001783663006,-0.05178608602924821,1,86,156
Adv-ALSTM,kdd17,5,MO.csv,0.11974187476283485,0.0009354833965846473,0.06739562091893468,1,74,128
Adv-ALSTM,kdd17,5,BA.csv,0.2261376322426586,0.0014877475805438066,0.07566414744415134,1,84,152
Adv-ALSTM,kdd17,5,JPM.csv,-0.16881925629749767,-0.001188868002095054,-0.057980124919681214,1,81,142
Adv-ALSTM,kdd17,5,TM.csv,0.21872491077720052,0.0012498566330125744,0.0706289756333291,1,92,175
Adv-ALSTM,kdd17,5,D.csv,-0.05760770973625862,-0.00041148364097327584,-0.029686042695317404,1,79,140
Adv-ALSTM,kdd17,5,PTR.csv,0.18705434736995807,0.000994969932818926,0.03962668245599628,1,90,188
Adv-ALSTM,kdd17,5,MRK.csv,-0.12713801178391854,-0.0008364342880520957,-0.04992268225122885,1,79,152
Adv-ALSTM,kdd17,5,JNJ.csv,-0.16969904148779738,-0.0015859723503532466,-0.12489499752322177,1,55,107
Adv-ALSTM,kdd17,5,MSFT.csv,0.04390520455221551,0.0003027945141532104,0.016372141294359197,1,78,145
Adv-ALSTM,kdd17,5,BRK-B.csv,-0.017000628456984627,-0.00013821649152020023,-0.010711391128973345,1,70,123
Adv-ALSTM,kdd17,5,MMM.csv,-0.11602321822659015,-0.0010945586625150014,-0.07904473495516931,1,61,106
Adv-ALSTM,kdd17,5,RDS-B.csv,0.005606016284151583,3.0467479805171646e-05,0.001323584432779638,1,98,184
Adv-ALSTM,kdd17,5,TOT.csv,0.004398204593296422,2.3903285833132728e-05,0.0011574584538127672,1,99,184
Adv-ALSTM,kdd17,5,BHP.csv,-0.03884655230107433,-0.00018410688294348025,-0.00578490699735935,1,108,211
Adv-ALSTM,kdd17,5,ORCL.csv,0.048662011365216765,0.0003772248943040059,0.022606607467743796,1,64,129
Adv-ALSTM,kdd17,5,WFC.csv,-0.03615471963210921,-0.00022596699770068254,-0.012026466431127007,1,78,160
Adv-ALSTM,kdd17,5,DUK.csv,0.24548442607683857,0.0017788726527307142,0.12377539818372302,1,79,138
Adv-ALSTM,kdd17,5,VZ.csv,-0.18081744662313715,-0.0012823932384619656,-0.09639331911410691,1,80,141
Adv-ALSTM,kdd17,5,SO.csv,0.06661958796137052,0.00047247934724376254,0.03748472438924502,1,76,141
Adv-ALSTM,kdd17,5,PG.csv,0.08635686460524777,0.0006799753118523447,0.055840456493201546,1,68,127
Adv-ALSTM,kdd17,5,SPY.csv,0.05329321350544404,0.0005383152879337782,0.04241964730550372,1,55,99
