method,dataset,dropout,run,prob,prob measure,total tes trading days skipped,total tes trading days profitable,total tes trading days averted loss by skipping,tes trading days averted loss by skipping percentage of total skipped,total tes trading days,total tes return,total tes return if without filtering,total tes log return,avg tes return,tes profit per trade,tes sharpe ratio,dropout tes acc,dropout tes mcc,tes acc,tes mcc,tes acc of y to log return,best benchmark tes total return,best benchmark tes total profit per trade,best benchmark tes avg sharpe ratio,best benchmark tes total log return,best benchmark tes acc
Adv-ALSTM,stocknet,0.05,1,,std,505,1620,268,53.069306930693074,3215,21416.120368000007,15591.000595000005,-1.253723415887509,5.757021604301078,6.661312711664077,0.019584194581237977,49.91935483870968,0.012773976610369994,50.38880248833593,0.035814374828050395,100.0,21585.955813,5.802676293817204,0.01924456118077938,11.548503636747625,57.822580645161295
Adv-ALSTM,stocknet,0.05,1,,var,523,1609,275,52.58126195028681,3197,20288.417016,15591.000595000005,-0.9859621369154956,5.453875541935484,6.346079767281826,0.01859001625891861,49.91935483870968,0.012773976610369994,50.328432905849226,0.035085458219452095,100.0,21585.955813,5.802676293817204,0.01924456118077938,11.548503636747625,57.822580645161295
Adv-ALSTM,stocknet,0.05,1,,entr,517,1614,274,52.9980657640232,3203,21424.807785000005,15591.000595000005,-0.9490163992303342,5.759356931451614,6.688981512644397,0.019592142386348592,49.91935483870968,0.012773976610369994,50.39025913206368,0.038617631229624735,100.0,21585.955813,5.802676293817204,0.01924456118077938,11.548503636747625,57.822580645161295
Adv-ALSTM,stocknet,0.05,2,,std,840,1644,395,47.023809523809526,2880,10042.411541,11618.835754999995,7.2977199763642675,2.699572994892473,3.486948451736111,0.008985073877271101,56.155913978494624,0.12269525405817666,57.08333333333333,0.1401773218506251,100.0,21585.955813,5.802676293817204,0.01924456118077938,11.548503636747625,57.822580645161295
Adv-ALSTM,stocknet,0.05,2,,var,777,1666,354,45.559845559845556,2943,7788.458789999998,11618.835754999995,7.003888226312561,2.093671717741935,2.6464351987767576,0.007020080749448824,56.155913978494624,0.12269525405817666,56.608902480462106,0.13028231783490124,100.0,21585.955813,5.802676293817204,0.01924456118077938,11.548503636747625,57.822580645161295
Adv-ALSTM,stocknet,0.05,2,,entr,846,1644,401,47.39952718676123,2874,8559.211516,11618.835754999995,7.4087620137259975,2.300863310752688,2.9781529283228947,0.009863771256564522,56.155913978494624,0.12269525405817666,57.20250521920668,0.14221164117475138,100.0,21585.955813,5.802676293817204,0.01924456118077938,11.548503636747625,57.822580645161295
Adv-ALSTM,stocknet,0.05,3,,std,1058,1498,539,50.94517958412098,2662,-1663.6582039999982,13235.344143000004,5.0095764058029015,-0.44721994731182746,-0.6249655161532676,-0.003542014874864653,54.22043010752689,0.09398277093327861,56.27347858752817,0.1298914033956223,100.0,21585.955813,5.802676293817204,0.01924456118077938,11.548503636747625,57.822580645161295
Adv-ALSTM,stocknet,0.05,3,,var,1083,1491,557,51.43120960295475,2637,3520.378716000001,13235.344143000004,5.431593109552207,0.9463383645161293,1.3349938248009106,0.00548095695023253,54.22043010752689,0.09398277093327861,56.5415244596132,0.13515037950557582,100.0,21585.955813,5.802676293817204,0.01924456118077938,11.548503636747625,57.822580645161295
Adv-ALSTM,stocknet,0.05,3,,entr,1126,1459,568,50.44404973357016,2594,3516.394381000003,13235.344143000004,5.190183580481918,0.9452673067204309,1.3555876565150358,0.005474754871485351,54.22043010752689,0.09398277093327861,56.24518118735543,0.12961302329919291,100.0,21585.955813,5.802676293817204,0.01924456118077938,11.548503636747625,57.822580645161295
Adv-ALSTM,stocknet,0.05,4,,std,851,1583,424,49.82373678025852,2869,-15807.633193999998,-15813.256801,5.232333323989536,-4.249363761827957,-5.509805923318229,-0.014091847244547753,54.03225806451613,0.10666403512498143,55.17601951899616,0.12136940665579209,100.0,21585.955813,5.802676293817204,0.01924456118077938,11.548503636747625,57.822580645161295
Adv-ALSTM,stocknet,0.05,4,,var,843,1582,415,49.228944246737846,2877,-15810.217681999995,-15813.256801,5.386801075490113,-4.250058516666665,-5.495383274939171,-0.014094140249484374,54.03225806451613,0.10666403512498143,54.98783454987834,0.1191162830158138,100.0,21585.955813,5.802676293817204,0.01924456118077938,11.548503636747625,57.822580645161295
Adv-ALSTM,stocknet,0.05,4,,entr,891,1559,440,49.382716049382715,2829,-15821.633278,-15813.256801,5.349075004940461,-4.253127225268817,-5.592659341816896,-0.014104320658519357,54.03225806451613,0.10666403512498143,55.107811947684695,0.12249423301701247,100.0,21585.955813,5.802676293817204,0.01924456118077938,11.548503636747625,57.822580645161295
Adv-ALSTM,stocknet,0.05,5,,std,655,1702,303,46.25954198473283,3065,19720.944481000002,19790.004453,5.619926213732802,5.30132916155914,6.434239634910278,0.017581348980980127,55.21505376344086,0.11128308612760435,55.53017944535073,0.11700543209643606,100.0,21585.955813,5.802676293817204,0.01924456118077938,11.548503636747625,57.822580645161295
Adv-ALSTM,stocknet,0.05,5,,var,638,1719,303,47.492163009404386,3082,19730.412005000002,19790.004453,5.964000223224857,5.303874194892473,6.401820897144712,0.0175897849433105,55.21505376344086,0.11128308612760435,55.77547047371837,0.12180754475899032,100.0,21585.955813,5.802676293817204,0.01924456118077938,11.548503636747625,57.822580645161295
Adv-ALSTM,stocknet,0.05,5,,entr,663,1704,313,47.20965309200603,3057,19722.361220000003,19790.004453,5.91826688881115,5.301710005376345,6.451541125286229,0.01758260343758477,55.21505376344086,0.11128308612760435,55.74092247301275,0.12047021062192353,100.0,21585.955813,5.802676293817204,0.01924456118077938,11.548503636747625,57.822580645161295
Adv-ALSTM,stocknet,0.1,1,,std,1471,1313,700,47.58667573079538,2249,19813.795975,10952.614317000003,6.051333162867051,5.326289240591398,8.810047120942642,0.02385104088109379,56.02150537634408,0.12136613487158963,58.38150289017341,0.17358559378830948,100.0,21585.955813,5.802676293817204,0.01924456118077938,11.548503636747625,57.822580645161295
Adv-ALSTM,stocknet,0.1,1,,var,1384,1356,656,47.398843930635834,2336,19774.531545,10952.614317000003,5.781886311599202,5.315734286290323,8.465124805222603,0.023803658126796714,56.02150537634408,0.12136613487158963,58.04794520547946,0.16467144637330336,100.0,21585.955813,5.802676293817204,0.01924456118077938,11.548503636747625,57.822580645161295
Adv-ALSTM,stocknet,0.1,1,,entr,1429,1331,676,47.30580825752274,2291,19781.267153000004,10952.614317000003,5.464209103022743,5.317544933602152,8.63433747402881,0.023811858945144367,56.02150537634408,0.12136613487158963,58.09690091663029,0.1663633357417095,100.0,21585.955813,5.802676293817204,0.01924456118077938,11.548503636747625,57.822580645161295
Adv-ALSTM,stocknet,0.1,2,,std,1030,1577,518,50.29126213592233,2690,18814.411871999997,18859.943659000004,8.006390957409973,5.0576376,6.994205156877323,0.016773941781507224,56.155913978494624,0.12800100532715464,58.62453531598513,0.1759255612139511,100.0,21585.955813,5.802676293817204,0.01924456118077938,11.548503636747625,57.822580645161295
Adv-ALSTM,stocknet,0.1,2,,var,921,1629,461,50.0542888165038,2799,18800.774168999997,18859.943659000004,7.880142862800888,5.053971550806451,6.716961117899248,0.016761779058435962,56.155913978494624,0.12800100532715464,58.19935691318327,0.16762634533633058,100.0,21585.955813,5.802676293817204,0.01924456118077938,11.548503636747625,57.822580645161295
Adv-ALSTM,stocknet,0.1,2,,entr,963,1611,485,50.36344755970924,2757,18797.498648,18859.943659000004,8.001674017353537,5.053091034408602,6.818098892999638,0.016758859478949218,56.155913978494624,0.12800100532715464,58.43307943416758,0.17177700403637558,100.0,21585.955813,5.802676293817204,0.01924456118077938,11.548503636747625,57.822580645161295
Adv-ALSTM,stocknet,0.1,3,,std,831,1638,415,49.939831528279186,2889,-5409.895407,-5443.215652999999,6.686208140053172,-1.4542729588709677,-1.8725840799584632,-0.00482253547534721,55.21505376344086,0.11507885563751072,56.69781931464174,0.1455689825458811,100.0,21585.955813,5.802676293817204,0.01924456118077938,11.548503636747625,57.822580645161295
Adv-ALSTM,stocknet,0.1,3,,var,843,1628,417,49.46619217081851,2877,-5433.076669,-5443.215652999999,6.3178017467428065,-1.4605044809139784,-1.8884520921098367,-0.00484320135740914,55.21505376344086,0.11507885563751072,56.586722280152934,0.14516918730219128,100.0,21585.955813,5.802676293817204,0.01924456118077938,11.548503636747625,57.822580645161295
Adv-ALSTM,stocknet,0.1,3,,entr,820,1641,407,49.63414634146341,2900,-5446.573966000002,-5443.215652999999,6.61531661516873,-1.4641327865591403,-1.878128953793104,-0.004855232462436046,55.21505376344086,0.11507885563751072,56.58620689655173,0.14218608057358564,100.0,21585.955813,5.802676293817204,0.01924456118077938,11.548503636747625,57.822580645161295
Adv-ALSTM,stocknet,0.1,4,,std,783,1645,377,48.148148148148145,2937,637.0961980000002,-12695.644565000002,5.378675280492013,0.17126241881720436,0.21692073476336404,0.0008396904980335975,55.13440860215054,0.11507574321804709,56.009533537623426,0.13102815151470118,100.0,21585.955813,5.802676293817204,0.01924456118077938,11.548503636747625,57.822580645161295
Adv-ALSTM,stocknet,0.1,4,,var,774,1654,377,48.708010335917315,2946,-2218.7180340000004,-12695.644565000002,5.719793869939012,-0.5964295790322582,-0.7531290000000002,-0.0028489514781781635,55.13440860215054,0.11507574321804709,56.1439239646979,0.13515921088316984,100.0,21585.955813,5.802676293817204,0.01924456118077938,11.548503636747625,57.822580645161295
Adv-ALSTM,stocknet,0.1,4,,entr,786,1642,377,47.96437659033079,2934,-2257.669029999998,-12695.644565000002,5.423158736351025,-0.60690027688172,-0.7694850136332646,-0.0028989614474183123,55.13440860215054,0.11507574321804709,55.964553510565786,0.13240938117801807,100.0,21585.955813,5.802676293817204,0.01924456118077938,11.548503636747625,57.822580645161295
Adv-ALSTM,stocknet,0.1,5,,std,578,1759,294,50.86505190311419,3142,16512.914392,23805.161113000006,5.868943983804745,4.43895548172043,5.255542454487587,0.019507190994578354,54.91935483870968,0.09986873329425223,55.98345003182686,0.12202407665363509,100.0,21585.955813,5.802676293817204,0.01924456118077938,11.548503636747625,57.822580645161295
Adv-ALSTM,stocknet,0.1,5,,var,594,1742,293,49.32659932659932,3126,16511.493795000002,23805.161113000006,5.735645956496791,4.4385736008064525,5.281987778310941,0.019505516410933003,54.91935483870968,0.09986873329425223,55.72616762635957,0.11719878082868074,100.0,21585.955813,5.802676293817204,0.01924456118077938,11.548503636747625,57.822580645161295
Adv-ALSTM,stocknet,0.1,5,,entr,576,1753,286,49.65277777777778,3144,16487.140728000002,23805.161113000006,5.665101235648121,4.432027077419355,5.244001503816794,0.019476673564163296,54.91935483870968,0.09986873329425223,55.75699745547074,0.11722428550839786,100.0,21585.955813,5.802676293817204,0.01924456118077938,11.548503636747625,57.822580645161295
Adv-ALSTM,stocknet,0.25,1,,std,985,1609,460,46.7005076142132,2735,7410.924755999998,7594.377013000001,8.121278549490874,1.9921840741935477,2.7096617023765988,0.0066061632484420854,57.36559139784946,0.1463237968805335,58.82998171846435,0.1753957559875486,100.0,21585.955813,5.802676293817204,0.01924456118077938,11.548503636747625,57.822580645161295
Adv-ALSTM,stocknet,0.25,1,,var,949,1633,448,47.20758693361433,2771,7411.670719000002,7594.377013000001,8.025835064557786,1.9923846018817208,2.6747277946589683,0.00660682722462678,57.36559139784946,0.1463237968805335,58.93179357632624,0.17774234596994815,100.0,21585.955813,5.802676293817204,0.01924456118077938,11.548503636747625,57.822580645161295
Adv-ALSTM,stocknet,0.25,1,,entr,964,1625,455,47.19917012448133,2756,7443.8855989999975,7594.377013000001,8.232218470690338,2.0010445158602144,2.7009744553701007,0.006635549626291178,57.36559139784946,0.1463237968805335,58.9622641509434,0.17815562038376473,100.0,21585.955813,5.802676293817204,0.01924456118077938,11.548503636747625,57.822580645161295
Adv-ALSTM,stocknet,0.25,2,,std,1026,1571,498,48.53801169590643,2694,1534.2599030000006,1384.1532890000067,8.41433503430155,0.41243545779569907,0.569509986265776,0.0013676247728615033,56.424731182795696,0.12732349912962873,58.314773570898296,0.1631156642389079,100.0,21585.955813,5.802676293817204,0.01924456118077938,11.548503636747625,57.822580645161295
Adv-ALSTM,stocknet,0.25,2,,var,902,1637,440,48.78048780487805,2818,1514.4806630000003,1384.1532890000067,8.236339356299231,0.407118457795699,0.5374310372604685,0.0013499933474238673,56.424731182795696,0.12732349912962873,58.09084457061746,0.15997861481930511,100.0,21585.955813,5.802676293817204,0.01924456118077938,11.548503636747625,57.822580645161295
Adv-ALSTM,stocknet,0.25,2,,entr,932,1612,445,47.74678111587983,2788,1498.2604850000016,1384.1532890000067,8.02471613737313,0.40275819489247355,0.5373961567431856,0.0013355349042657265,56.424731182795696,0.12732349912962873,57.81922525107605,0.154205265819654,100.0,21585.955813,5.802676293817204,0.01924456118077938,11.548503636747625,57.822580645161295
Adv-ALSTM,stocknet,0.25,3,,std,1098,1511,542,49.362477231329684,2622,-4089.6208149999984,5261.130259000003,7.20629050633728,-1.0993604341397845,-1.5597333390541566,-0.003870393795176474,55.564516129032256,0.11313994790698016,57.627765064836,0.15411348642055883,100.0,21585.955813,5.802676293817204,0.01924456118077938,11.548503636747625,57.822580645161295
Adv-ALSTM,stocknet,0.25,3,,var,1007,1555,495,49.15590863952334,2713,-4911.193112000001,5261.130259000003,7.207334642224049,-1.320213202150538,-1.810244420199042,-0.004725524064982772,55.564516129032256,0.11313994790698016,57.31662366384077,0.1475006406747523,100.0,21585.955813,5.802676293817204,0.01924456118077938,11.548503636747625,57.822580645161295
Adv-ALSTM,stocknet,0.25,3,,entr,1038,1555,526,50.67437379576107,2682,-1860.340639000001,5261.130259000003,7.557915351012847,-0.5000915696236562,-0.6936393135719615,-0.0017752579336958625,55.564516129032256,0.11313994790698016,57.97912005965698,0.16112157978127156,100.0,21585.955813,5.802676293817204,0.01924456118077938,11.548503636747625,57.822580645161295
Adv-ALSTM,stocknet,0.25,4,,std,770,1631,374,48.57142857142857,2950,10870.866700999999,-7713.672399000002,5.642458655350838,2.922275994892473,3.685039559661017,0.01442349709651281,54.48924731182796,0.1114584252721185,55.288135593220346,0.12788041941315387,100.0,21585.955813,5.802676293817204,0.01924456118077938,11.548503636747625,57.822580645161295
Adv-ALSTM,stocknet,0.25,4,,var,651,1688,312,47.926267281105986,3069,-3900.1632929999996,-7713.672399000002,5.573719092059376,-1.0484309927419353,-1.2708254457478005,-0.0039166697311477485,54.48924731182796,0.1114584252721185,55.00162919517758,0.1197979207120125,100.0,21585.955813,5.802676293817204,0.01924456118077938,11.548503636747625,57.822580645161295
Adv-ALSTM,stocknet,0.25,4,,entr,760,1646,379,49.868421052631575,2960,10874.011194,-7713.672399000002,5.823076623782007,2.9231212887096776,3.6736524304054057,0.014427659911134592,54.48924731182796,0.1114584252721185,55.60810810810811,0.13619974830554427,100.0,21585.955813,5.802676293817204,0.01924456118077938,11.548503636747625,57.822580645161295
Adv-ALSTM,stocknet,0.25,5,,std,749,1711,372,49.66622162883845,2971,19455.002514,5000.320515,7.602425522529257,5.229839385483871,6.548301081790643,0.032184059906349455,56.12903225806451,0.12678673518098713,57.59003702457085,0.15786795945494758,100.0,21585.955813,5.802676293817204,0.01924456118077938,11.548503636747625,57.822580645161295
Adv-ALSTM,stocknet,0.25,5,,var,599,1794,305,50.918196994991646,3121,4587.254931999999,5000.320515,7.818317668434765,1.2331330462365588,1.4698029259852607,0.004616005666234539,56.12903225806451,0.12678673518098713,57.48157641781481,0.15441587783099184,100.0,21585.955813,5.802676293817204,0.01924456118077938,11.548503636747625,57.822580645161295
Adv-ALSTM,stocknet,0.25,5,,entr,719,1728,359,49.93045897079277,3001,14993.619258,5000.320515,7.735547512855452,4.0305428112903225,4.996207683438854,0.02353547975509254,56.12903225806451,0.12678673518098713,57.58080639786738,0.15654929391535868,100.0,21585.955813,5.802676293817204,0.01924456118077938,11.548503636747625,57.822580645161295
Adv-ALSTM,stocknet,0.5,1,,std,945,1648,487,51.53439153439153,2775,13868.584079,7545.1612589999995,8.991089978478284,3.7281139997311827,4.997687956396397,0.014342655797316872,56.612903225806456,0.13195416358693945,59.38738738738739,0.18683021632906033,100.0,21585.955813,5.802676293817204,0.01924456118077938,11.548503636747625,57.822580645161295
Adv-ALSTM,stocknet,0.5,1,,var,865,1683,442,51.09826589595375,2855,13874.008459000002,7545.1612589999995,8.898330043157603,3.7295721663978503,4.859547621366025,0.014348262784752607,56.612903225806456,0.13195416358693945,58.9492119089317,0.17818793135313063,100.0,21585.955813,5.802676293817204,0.01924456118077938,11.548503636747625,57.822580645161295
Adv-ALSTM,stocknet,0.5,1,,entr,904,1667,465,51.43805309734514,2816,13863.768651999999,7545.1612589999995,8.888602356929209,3.7268195301075266,4.923213299715909,0.014337667979130863,56.612903225806456,0.13195416358693945,59.19744318181818,0.1829095881570845,100.0,21585.955813,5.802676293817204,0.01924456118077938,11.548503636747625,57.822580645161295
Adv-ALSTM,stocknet,0.5,2,,std,639,1794,295,46.165884194053206,3081,7903.613788000002,10891.525027000003,8.710956562859273,2.124627362365592,2.565275491074327,0.007963731728810515,57.47311827956989,0.14904043191462338,58.22784810126582,0.16434143128519813,100.0,21585.955813,5.802676293817204,0.01924456118077938,11.548503636747625,57.822580645161295
Adv-ALSTM,stocknet,0.5,2,,var,603,1808,273,45.27363184079602,3117,7886.044418000001,10891.525027000003,8.440009679073729,2.1199044134408607,2.530011042027591,0.007946026855913132,57.47311827956989,0.14904043191462338,58.00449149823548,0.15986566164530494,100.0,21585.955813,5.802676293817204,0.01924456118077938,11.548503636747625,57.822580645161295
Adv-ALSTM,stocknet,0.5,2,,entr,599,1819,280,46.744574290484145,3121,7963.537269000001,10891.525027000003,8.939829130536815,2.140735825,2.551597971483499,0.008024076146809202,57.47311827956989,0.14904043191462338,58.28260173021468,0.16542836719184853,100.0,21585.955813,5.802676293817204,0.01924456118077938,11.548503636747625,57.822580645161295
Adv-ALSTM,stocknet,0.5,3,,std,697,1768,328,47.05882352941176,3023,11637.913508000001,23780.879853000002,8.997393370559166,3.12847137311828,3.8497894502150185,0.012060413920877653,57.446236559139784,0.15234160575963918,58.484948726430694,0.1748715400061564,100.0,21585.955813,5.802676293817204,0.01924456118077938,11.548503636747625,57.822580645161295
Adv-ALSTM,stocknet,0.5,3,,var,676,1786,325,48.07692307692308,3044,11695.920354,23780.879853000002,9.10443934316124,3.1440646112903226,3.8422865814717477,0.012120547686815619,57.446236559139784,0.15234160575963918,58.67279894875165,0.17776283956282204,100.0,21585.955813,5.802676293817204,0.01924456118077938,11.548503636747625,57.822580645161295
Adv-ALSTM,stocknet,0.5,3,,entr,659,1789,311,47.192716236722305,3061,11675.585216999996,23780.879853000002,8.968620449392617,3.138598176612902,3.814304219862789,0.012099471120629562,57.446236559139784,0.15234160575963918,58.44495262985953,0.1739024939188135,100.0,21585.955813,5.802676293817204,0.01924456118077938,11.548503636747625,57.822580645161295
Adv-ALSTM,stocknet,0.5,4,,std,662,1812,311,46.97885196374622,3058,6578.909667000001,14239.254277,9.97878966730727,1.7685241040322583,2.151376607913669,0.006793558797472898,58.14516129032258,0.16297140009823163,59.254414650098106,0.18516477633915215,100.0,21585.955813,5.802676293817204,0.01924456118077938,11.548503636747625,57.822580645161295
Adv-ALSTM,stocknet,0.5,4,,var,651,1811,299,45.92933947772657,3069,5532.895562000003,14239.254277,9.898987054821609,1.4873375166666676,1.8028333535353547,0.005701135627927003,58.14516129032258,0.16297140009823163,59.00944933202997,0.18025815467040202,100.0,21585.955813,5.802676293817204,0.01924456118077938,11.548503636747625,57.822580645161295
Adv-ALSTM,stocknet,0.5,4,,entr,625,1829,291,46.56,3095,5545.2109150000015,14239.254277,10.174246760228966,1.490648095430108,1.791667500807755,0.005713824196411743,58.14516129032258,0.16297140009823163,59.09531502423263,0.18198977959038118,100.0,21585.955813,5.802676293817204,0.01924456118077938,11.548503636747625,57.822580645161295
Adv-ALSTM,stocknet,0.5,5,,std,547,1784,243,44.424131627056674,3173,15853.380428000004,19822.527547,7.249082495486659,4.261661405376345,4.99633798550268,0.017037201018066266,56.12903225806451,0.1272458776452066,56.22439331862591,0.1302373831752565,100.0,21585.955813,5.802676293817204,0.01924456118077938,11.548503636747625,57.822580645161295
Adv-ALSTM,stocknet,0.5,5,,var,536,1789,237,44.21641791044777,3184,15835.362825000004,19822.527547,7.304722743955617,4.256817963709678,4.973417972675881,0.01701783767028301,56.12903225806451,0.1272458776452066,56.187185929648244,0.1293774470681282,100.0,21585.955813,5.802676293817204,0.01924456118077938,11.548503636747625,57.822580645161295
Adv-ALSTM,stocknet,0.5,5,,entr,515,1800,227,44.07766990291262,3205,15843.227341000007,19822.527547,7.285096919095205,4.25893208091398,4.943284661778473,0.01702628937504404,56.12903225806451,0.1272458776452066,56.16224648985959,0.12871729836156445,100.0,21585.955813,5.802676293817204,0.01924456118077938,11.548503636747625,57.822580645161295
Adv-ALSTM,stocknet,0.95,1,,std,443,1899,213,48.081264108352144,3277,17350.449865000006,28625.995835,9.358930716233576,4.66409942607527,5.294613935001528,0.016805231782923827,57.23118279569892,0.14335000005974272,57.949343912114735,0.15751476773875744,100.0,21585.955813,5.802676293817204,0.01924456118077938,11.548503636747625,57.822580645161295
Adv-ALSTM,stocknet,0.95,1,,var,404,1922,197,48.76237623762376,3316,17372.576618000006,28625.995835,9.828828667853468,4.670047477956991,5.23901586791315,0.016826668071382254,57.23118279569892,0.14335000005974272,57.96139927623643,0.15781829953862958,100.0,21585.955813,5.802676293817204,0.01924456118077938,11.548503636747625,57.822580645161295
Adv-ALSTM,stocknet,0.95,1,,entr,428,1912,211,49.29906542056075,3292,17374.115203,28625.995835,9.850237894872922,4.670461076075269,5.2776777651883355,0.016828158942583542,57.23118279569892,0.14335000005974272,58.080194410692584,0.16015319766569588,100.0,21585.955813,5.802676293817204,0.01924456118077938,11.548503636747625,57.822580645161295
Adv-ALSTM,stocknet,0.95,2,,std,258,2009,122,47.286821705426355,3462,5244.723915000001,5186.366420999999,10.134001595489458,1.4098720201612907,1.5149404722703643,0.004675075893628578,57.66129032258065,0.1540426031840698,58.03004043905256,0.16172787504029001,100.0,21585.955813,5.802676293817204,0.01924456118077938,11.548503636747625,57.822580645161295
Adv-ALSTM,stocknet,0.95,2,,var,231,2022,108,46.75324675324675,3489,5242.169210000005,5186.366420999999,10.20602222589358,1.4091852715053776,1.5024847262826038,0.004672798384063872,57.66129032258065,0.1540426031840698,57.953568357695616,0.16016590413481344,100.0,21585.955813,5.802676293817204,0.01924456118077938,11.548503636747625,57.822580645161295
Adv-ALSTM,stocknet,0.95,2,,entr,242,2019,116,47.93388429752066,3478,5247.403985000003,5186.366420999999,10.212231500859366,1.4105924690860223,1.5087418013226,0.004677464822036268,57.66129032258065,0.1540426031840698,58.05060379528465,0.16201709152699628,100.0,21585.955813,5.802676293817204,0.01924456118077938,11.548503636747625,57.822580645161295
Adv-ALSTM,stocknet,0.95,3,,std,361,1963,170,47.091412742382275,3359,21485.951963,21588.838775000004,10.941300027856443,5.77579353844086,6.396532290264959,0.019155598289321927,57.90322580645161,0.15653110969899833,58.44001190830605,0.1680785710034644,100.0,21585.955813,5.802676293817204,0.01924456118077938,11.548503636747625,57.822580645161295
Adv-ALSTM,stocknet,0.95,3,,var,346,1971,163,47.10982658959538,3374,21529.759169000004,21588.838775000004,11.072682159411094,5.7875696690860226,6.381078591879077,0.019194571125567883,57.90322580645161,0.15653110969899833,58.4173088322466,0.16747672463081723,100.0,21585.955813,5.802676293817204,0.01924456118077938,11.548503636747625,57.822580645161295
Adv-ALSTM,stocknet,0.95,3,,entr,350,1969,165,47.14285714285714,3370,21527.222062,21588.838775000004,11.05289648386951,5.786887651075269,6.3878997216617215,0.01919230926474177,57.90322580645161,0.15653110969899833,58.42729970326409,0.16776497556099235,100.0,21585.955813,5.802676293817204,0.01924456118077938,11.548503636747625,57.822580645161295
Adv-ALSTM,stocknet,0.95,4,,std,432,1847,211,48.842592592592595,3288,13336.611565999998,14085.936187,6.84204136879441,3.5851106360215046,4.056147069951337,0.012261882198205854,55.59139784946237,0.12287922787257656,56.173965936739656,0.13533507175966505,100.0,21585.955813,5.802676293817204,0.01924456118077938,11.548503636747625,57.822580645161295
Adv-ALSTM,stocknet,0.95,4,,var,404,1867,203,50.24752475247525,3316,13403.786642,14085.936187,6.955229437545297,3.6031684521505376,4.042155199638118,0.012323616606485944,55.59139784946237,0.12287922787257656,56.30277442702051,0.13711117943408282,100.0,21585.955813,5.802676293817204,0.01924456118077938,11.548503636747625,57.822580645161295
Adv-ALSTM,stocknet,0.95,4,,entr,407,1865,204,50.122850122850124,3313,13396.033021999998,14085.936187,6.906741471662192,3.601084145698924,4.043475104738906,0.012316485586728017,55.59139784946237,0.12287922787257656,56.29338967702988,0.13697913056225827,100.0,21585.955813,5.802676293817204,0.01924456118077938,11.548503636747625,57.822580645161295
Adv-ALSTM,stocknet,0.95,5,,std,451,1842,211,46.78492239467849,3269,11441.287046999996,11537.350868999994,8.437953000075913,3.075614797580644,3.499934856836952,0.01039103221303668,55.96774193548387,0.11671169669689489,56.34750688283879,0.1244273876724364,100.0,21585.955813,5.802676293817204,0.01924456118077938,11.548503636747625,57.822580645161295
Adv-ALSTM,stocknet,0.95,5,,var,444,1847,209,47.072072072072075,3276,11443.249776999997,11537.350868999994,8.576546619764764,3.0761424131720423,3.4930554874847366,0.010392814389140475,55.96774193548387,0.11671169669689489,56.37973137973138,0.12553531596531584,100.0,21585.955813,5.802676293817204,0.01924456118077938,11.548503636747625,57.822580645161295
Adv-ALSTM,stocknet,0.95,5,,entr,446,1846,210,47.08520179372198,3274,11443.361065999998,11537.350868999994,8.504054846490192,3.076172329569892,3.49522329444105,0.010392915676733247,55.96774193548387,0.11671169669689489,56.383628588882104,0.12560996352839135,100.0,21585.955813,5.802676293817204,0.01924456118077938,11.548503636747625,57.822580645161295
Adv-ALSTM,stocknet,0.9,1,,std,564,1837,272,48.226950354609926,3156,23678.257646,28625.355353000003,9.54536937398341,6.365123023118279,7.50261649112801,0.02150413355846749,57.23118279569892,0.1433318377440643,58.20659062103929,0.16244256887322472,100.0,21585.955813,5.802676293817204,0.01924456118077938,11.548503636747625,57.822580645161295
Adv-ALSTM,stocknet,0.9,1,,var,543,1845,259,47.697974217311234,3177,23662.274398,28625.355353000003,9.49550238241114,6.360826451075269,7.44799320050362,0.021489570287903745,57.23118279569892,0.1433318377440643,58.07365439093485,0.15965702028456027,100.0,21585.955813,5.802676293817204,0.01924456118077938,11.548503636747625,57.822580645161295
Adv-ALSTM,stocknet,0.9,1,,entr,552,1842,265,48.007246376811594,3168,26438.985695999996,28625.355353000003,9.54952186807043,7.107254219354838,8.345639424242423,0.023728872256879825,57.23118279569892,0.1433318377440643,58.14393939393939,0.16119814693493528,100.0,21585.955813,5.802676293817204,0.01924456118077938,11.548503636747625,57.822580645161295
Adv-ALSTM,stocknet,0.9,2,,std,291,1987,137,47.07903780068728,3429,12479.300062000002,11495.992363,10.004922859757885,3.3546505543010756,3.639340933799942,0.011142214298002108,57.553763440860216,0.1495683142619717,57.946923301254,0.15734319072213696,100.0,21585.955813,5.802676293817204,0.01924456118077938,11.548503636747625,57.822580645161295
Adv-ALSTM,stocknet,0.9,2,,var,292,1983,134,45.89041095890411,3428,12431.590605999998,11495.992363,9.893833801432464,3.3418254317204297,3.6264850075845967,0.011099618764099536,57.553763440860216,0.1495683142619717,57.84714119019837,0.15558254948673245,100.0,21585.955813,5.802676293817204,0.01924456118077938,11.548503636747625,57.822580645161295
Adv-ALSTM,stocknet,0.9,2,,entr,298,1983,140,46.97986577181208,3422,11418.840028999999,11495.992363,10.016923327719455,3.069580652956989,3.3368907156633543,0.010178931273626146,57.553763440860216,0.1495683142619717,57.948568088836936,0.15749899141567264,100.0,21585.955813,5.802676293817204,0.01924456118077938,11.548503636747625,57.822580645161295
Adv-ALSTM,stocknet,0.9,3,,std,421,1946,211,50.1187648456057,3299,21591.404049000004,21593.156561000003,11.320050500023228,5.804140873387098,6.544832994543802,0.01924955660524932,57.95698924731183,0.15756944058391117,58.987571991512574,0.17856580206531805,100.0,21585.955813,5.802676293817204,0.01924456118077938,11.548503636747625,57.822580645161295
Adv-ALSTM,stocknet,0.9,3,,var,359,1974,177,49.30362116991643,3361,21609.577416999993,21593.156561000003,11.290214053617479,5.80902618736559,6.429508306158879,0.019265660757091383,57.95698924731183,0.15756944058391117,58.732520083308536,0.17355504391965065,100.0,21585.955813,5.802676293817204,0.01924456118077938,11.548503636747625,57.822580645161295
Adv-ALSTM,stocknet,0.9,3,,entr,380,1961,185,48.68421052631579,3340,21603.970692999996,21593.156561000003,11.162864257804628,5.8075190034946225,6.468254698502992,0.019260666362076375,57.95698924731183,0.15756944058391117,58.712574850299404,0.17298039605325843,100.0,21585.955813,5.802676293817204,0.01924456118077938,11.548503636747625,57.822580645161295
Adv-ALSTM,stocknet,0.9,4,,std,484,1922,211,43.595041322314046,3236,13587.247101000003,13701.781177,11.16182750892951,3.6524857798387105,4.198778461372065,0.012271782537274307,59.005376344086024,0.1809433935280735,59.39431396786156,0.1890301573250853,100.0,21585.955813,5.802676293817204,0.01924456118077938,11.548503636747625,57.822580645161295
Adv-ALSTM,stocknet,0.9,4,,var,415,1960,180,43.373493975903614,3305,13631.044092000002,13701.781177,11.199144943947537,3.6642591645161295,4.124370375794252,0.012311322897165314,59.005376344086024,0.1809433935280735,59.30408472012103,0.18704587891316388,100.0,21585.955813,5.802676293817204,0.01924456118077938,11.548503636747625,57.822580645161295
Adv-ALSTM,stocknet,0.9,4,,entr,438,1947,190,43.37899543378995,3282,13611.830001000002,13701.781177,11.046690628668463,3.659094086290323,4.147419256855576,0.012293967514779477,59.005376344086024,0.1809433935280735,59.32358318098721,0.1873326459106457,100.0,21585.955813,5.802676293817204,0.01924456118077938,11.548503636747625,57.822580645161295
Adv-ALSTM,stocknet,0.9,5,,std,447,1856,219,48.99328859060403,3273,12727.222795999995,11558.206426999996,8.725605360898475,3.421296450537633,3.88854958631225,0.011369770028901131,56.02150537634408,0.11778517342949694,56.706385578979535,0.1310543612991116,100.0,21585.955813,5.802676293817204,0.01924456118077938,11.548503636747625,57.822580645161295
Adv-ALSTM,stocknet,0.9,5,,var,394,1881,191,48.47715736040609,3326,12726.966918999999,11558.206426999996,8.825847464956485,3.421227666397849,3.8265083941671674,0.0113695392141435,56.02150537634408,0.11778517342949694,56.55441972339146,0.1295159004923225,100.0,21585.955813,5.802676293817204,0.01924456118077938,11.548503636747625,57.822580645161295
Adv-ALSTM,stocknet,0.9,5,,entr,399,1883,198,49.62406015037594,3321,12737.655835999998,11558.206426999996,8.926076577916135,3.4241010311827953,3.8354880566094542,0.011379090858600246,56.02150537634408,0.11778517342949694,56.699789220114425,0.1317351456841305,100.0,21585.955813,5.802676293817204,0.01924456118077938,11.548503636747625,57.822580645161295
Adv-ALSTM,stocknet,0.75,1,,std,662,1777,302,45.61933534743202,3058,20327.25722,20338.315263000004,8.473556820004431,5.4643164569892475,6.64723911706998,0.018122268526313844,57.446236559139784,0.1529366964090863,58.10987573577502,0.16760090031253647,100.0,21585.955813,5.802676293817204,0.01924456118077938,11.548503636747625,57.822580645161295
Adv-ALSTM,stocknet,0.75,1,,var,652,1777,292,44.785276073619634,3068,20324.40951,20338.315263000004,8.341320559439541,5.4635509435483876,6.624644559973925,0.018119725620400803,57.446236559139784,0.1529366964090863,57.92046936114733,0.16446214883856738,100.0,21585.955813,5.802676293817204,0.01924456118077938,11.548503636747625,57.822580645161295
Adv-ALSTM,stocknet,0.75,1,,entr,631,1793,287,45.48335974643423,3089,20341.117691,20338.315263000004,8.601251046642542,5.468042390053763,6.585017057623826,0.01813461775632149,57.446236559139784,0.1529366964090863,58.04467465199094,0.1661075038916845,100.0,21585.955813,5.802676293817204,0.01924456118077938,11.548503636747625,57.822580645161295
Adv-ALSTM,stocknet,0.75,2,,std,484,1889,221,45.66115702479338,3236,5199.245731000001,5174.329113000001,9.796986435370734,1.3976467018817207,1.606689039245983,0.004634564829896086,57.8494623655914,0.15798984690120868,58.37453646477132,0.1685411747798811,100.0,21585.955813,5.802676293817204,0.01924456118077938,11.548503636747625,57.822580645161295
Adv-ALSTM,stocknet,0.75,2,,var,425,1909,182,42.8235294117647,3295,5043.311730999999,5174.329113000001,9.53099927444119,1.3557289599462363,1.5305953660091043,0.004495542009487832,57.8494623655914,0.15798984690120868,57.93626707132018,0.15992809572339964,100.0,21585.955813,5.802676293817204,0.01924456118077938,11.548503636747625,57.822580645161295
Adv-ALSTM,stocknet,0.75,2,,entr,459,1902,209,45.53376906318083,3261,5164.042351999999,5174.329113000001,9.919259970758027,1.388183427956989,1.5835763115608705,0.004603176362900701,57.8494623655914,0.15798984690120868,58.32566697332106,0.1675723436527252,100.0,21585.955813,5.802676293817204,0.01924456118077938,11.548503636747625,57.822580645161295
Adv-ALSTM,stocknet,0.75,3,,std,520,1871,238,45.76923076923077,3200,21423.833469999998,21613.655233000005,10.253998672358023,5.759095018817204,6.694947959374999,0.019100241483389263,57.876344086021504,0.1560565498623928,58.46875,0.16848451551014765,100.0,21585.955813,5.802676293817204,0.01924456118077938,11.548503636747625,57.822580645161295
Adv-ALSTM,stocknet,0.75,3,,var,447,1915,209,46.75615212527964,3273,21521.722403000003,21613.655233000005,10.618689195046025,5.78540924811828,6.575533884204095,0.019187464165291466,57.876344086021504,0.1560565498623928,58.50901313779408,0.1691350113156784,100.0,21585.955813,5.802676293817204,0.01924456118077938,11.548503636747625,57.822580645161295
Adv-ALSTM,stocknet,0.75,3,,entr,482,1886,215,44.60580912863071,3238,21417.867838000002,21613.655233000005,10.192172598585884,5.7574913543010755,6.614536083384806,0.01909492022596651,57.876344086021504,0.1560565498623928,58.24583075972822,0.16403864779461633,100.0,21585.955813,5.802676293817204,0.01924456118077938,11.548503636747625,57.822580645161295
Adv-ALSTM,stocknet,0.75,4,,std,505,1877,238,47.12871287128713,3215,13054.637984000005,13195.815611000004,10.635511775781143,3.5093112860215068,4.060540586003111,0.011637416434659036,57.634408602150536,0.15342440401460414,58.382581648522546,0.16813164012576062,100.0,21585.955813,5.802676293817204,0.01924456118077938,11.548503636747625,57.822580645161295
Adv-ALSTM,stocknet,0.75,4,,var,427,1920,203,47.540983606557376,3293,13079.984545000001,13195.815611000004,10.794501744826821,3.5161248776881724,3.9720572563012455,0.011659951931889498,57.634408602150536,0.15342440401460414,58.305496507743705,0.16674424810066152,100.0,21585.955813,5.802676293817204,0.01924456118077938,11.548503636747625,57.822580645161295
Adv-ALSTM,stocknet,0.75,4,,entr,477,1893,226,47.37945492662474,3243,13063.295862000003,13195.815611000004,10.69927012445688,3.511638672580646,4.028151668825163,0.011645133649758927,57.634408602150536,0.15342440401460414,58.371877890841816,0.16786953695131854,100.0,21585.955813,5.802676293817204,0.01924456118077938,11.548503636747625,57.822580645161295
Adv-ALSTM,stocknet,0.75,5,,std,573,1810,258,45.0261780104712,3147,-13327.057470999996,-13246.983293000001,8.775212026755694,-3.5825423309139777,-4.234845081347314,-0.011880697352494625,57.123655913978496,0.14621143944823842,57.515093740069915,0.15519108373047302,100.0,21585.955813,5.802676293817204,0.01924456118077938,11.548503636747625,57.822580645161295
Adv-ALSTM,stocknet,0.75,5,,var,475,1869,219,46.10526315789474,3245,-13317.880078999995,-13246.983293000001,9.032229861728286,-3.5800752900537622,-4.104123290909089,-0.011872448351895798,57.123655913978496,0.14621143944823842,57.59630200308167,0.1564370565768006,100.0,21585.955813,5.802676293817204,0.01924456118077938,11.548503636747625,57.822580645161295
Adv-ALSTM,stocknet,0.75,5,,entr,542,1832,249,45.94095940959409,3178,-13321.906471999997,-13246.983293000001,8.9323452455773,-3.58115765376344,-4.191915189427312,-0.0118761032028511,57.123655913978496,0.14621143944823842,57.64631843926998,0.15762448813537983,100.0,21585.955813,5.802676293817204,0.01924456118077938,11.548503636747625,57.822580645161295
Adv-ALSTM,kdd17,0.05,1,,std,3136,2233,1503,47.92729591836735,4262,182.00136200000014,618.0886170000002,2.04369569952953,0.02460142768315763,0.042703275926794966,0.013154368866222397,52.25736685590701,0.039661698867094045,52.39324260910371,0.045011177722873046,100.0,825.9036530000008,0.11163877439848617,0.036424020974850695,7.980323116857624,53.12246553122466
Adv-ALSTM,kdd17,0.05,1,,var,3136,2237,1507,48.05484693877551,4262,155.22452500000026,618.0886170000002,2.6389241265725705,0.02098195796161128,0.036420583059596494,0.010792066212636066,52.25736685590701,0.039661698867094045,52.48709526044111,0.047086184868712876,100.0,825.9036530000008,0.11163877439848617,0.036424020974850695,7.980323116857624,53.12246553122466
Adv-ALSTM,kdd17,0.05,1,,entr,2980,2325,1439,48.288590604026844,4418,131.92909499999976,618.0886170000002,3.077542992836773,0.017833075831305726,0.02986172363060203,0.011369774072147131,52.25736685590701,0.039661698867094045,52.62562245359891,0.049885367712638996,100.0,825.9036530000008,0.11163877439848617,0.036424020974850695,7.980323116857624,53.12246553122466
Adv-ALSTM,kdd17,0.05,2,,std,3336,2135,1608,48.201438848920866,4062,150.17911099999952,660.2736130000008,3.059831568234003,0.020299960935387877,0.03697171614967985,0.010553671513481244,52.21681535550149,0.04161803679028912,52.560315115706544,0.057554861020719134,100.0,825.9036530000008,0.11163877439848617,0.036424020974850695,7.980323116857624,53.12246553122466
Adv-ALSTM,kdd17,0.05,2,,var,3126,2239,1502,48.04862444017915,4272,93.0695229999995,660.2736130000008,3.2129523026332705,0.012580362665585227,0.021785937031835092,0.006270052832660989,52.21681535550149,0.04161803679028912,52.411048689138575,0.05466331082721788,100.0,825.9036530000008,0.11163877439848617,0.036424020974850695,7.980323116857624,53.12246553122466
Adv-ALSTM,kdd17,0.05,2,,entr,3230,2178,1545,47.8328173374613,4168,159.60036899999943,660.2736130000008,2.6870850474580226,0.021573448094079403,0.038291835172744586,0.014082093780370083,52.21681535550149,0.04161803679028912,52.2552783109405,0.05060465575449377,100.0,825.9036530000008,0.11163877439848617,0.036424020974850695,7.980323116857624,53.12246553122466
Adv-ALSTM,kdd17,0.05,3,,std,2687,2442,1328,49.42314849274283,4711,233.15117099999998,525.7315510000008,3.5083238727192665,0.03151543268450932,0.04949080258968371,0.014697182756184632,51.37875101378751,0.029143949559713313,51.83612821057101,0.044698398120568625,100.0,825.9036530000008,0.11163877439848617,0.036424020974850695,7.980323116857624,53.12246553122466
Adv-ALSTM,kdd17,0.05,3,,var,2646,2447,1292,48.828420256991684,4752,47.64629899999976,525.7315510000008,2.694210032638475,0.006440429710732598,0.010026578072390522,0.004414524826586233,51.37875101378751,0.029143949559713313,51.494107744107744,0.03790831631014123,100.0,825.9036530000008,0.11163877439848617,0.036424020974850695,7.980323116857624,53.12246553122466
Adv-ALSTM,kdd17,0.05,3,,entr,2707,2433,1339,49.464351680827484,4691,173.43492799999973,525.7315510000008,3.470260259183028,0.023443488510408183,0.03697184566190572,0.012602783806716169,51.37875101378751,0.029143949559713313,51.86527392879982,0.045286314622995455,100.0,825.9036530000008,0.11163877439848617,0.036424020974850695,7.980323116857624,53.12246553122466
Adv-ALSTM,kdd17,0.05,4,,std,2582,2472,1258,48.72192099147947,4816,140.89359599999972,493.69368900000126,1.082567813560943,0.019044822384428187,0.029255314784053098,0.00915721175436789,51.311165179778314,0.026932077387533927,51.328903654485046,0.031076110222674203,100.0,825.9036530000008,0.11163877439848617,0.036424020974850695,7.980323116857624,53.12246553122466
Adv-ALSTM,kdd17,0.05,4,,var,2578,2475,1257,48.75872769588829,4820,134.2362979999996,493.69368900000126,1.2166156399512777,0.01814494430927272,0.027849854356846393,0.01268959808374377,51.311165179778314,0.026932077387533927,51.34854771784232,0.03171032903354247,100.0,825.9036530000008,0.11163877439848617,0.036424020974850695,7.980323116857624,53.12246553122466
Adv-ALSTM,kdd17,0.05,4,,entr,2680,2414,1298,48.43283582089552,4718,103.45857799999945,493.69368900000126,0.9045339739078941,0.013984668559069944,0.021928481983891364,0.008916460584669255,51.311165179778314,0.026932077387533927,51.16574819838915,0.028436191670953383,100.0,825.9036530000008,0.11163877439848617,0.036424020974850695,7.980323116857624,53.12246553122466
Adv-ALSTM,kdd17,0.05,5,,std,2752,2389,1318,47.89244186046512,4646,122.09871499999917,820.8514790000004,1.7659209942656446,0.016504286969451092,0.026280394963409205,0.010199341538986304,51.676128683427955,0.033299608436414684,51.42057684029272,0.03504581709242613,100.0,825.9036530000008,0.11163877439848617,0.036424020974850695,7.980323116857624,53.12246553122466
Adv-ALSTM,kdd17,0.05,5,,var,2710,2419,1306,48.19188191881919,4688,94.71759299999931,820.8514790000004,1.6172683478963363,0.012803135036496258,0.020204264718429888,0.009904992776766193,51.676128683427955,0.033299608436414684,51.59982935153583,0.038711802510766044,100.0,825.9036530000008,0.11163877439848617,0.036424020974850695,7.980323116857624,53.12246553122466
Adv-ALSTM,kdd17,0.05,5,,entr,2678,2427,1282,47.87154592979836,4720,72.38003699999925,820.8514790000004,2.0129030067545486,0.009783730332522202,0.015334753601694756,0.0064616645904075004,51.676128683427955,0.033299608436414684,51.41949152542373,0.036251884519551546,100.0,825.9036530000008,0.11163877439848617,0.036424020974850695,7.980323116857624,53.12246553122466
Adv-ALSTM,kdd17,0.1,1,,std,2967,2312,1420,47.8597910347152,4431,130.2351589999995,658.4173750000006,2.3205251920570182,0.017604103676669303,0.029391821033626607,0.01620506836017614,52.162746688294135,0.03762621018671,52.17783795982848,0.040088770887012404,100.0,825.9036530000008,0.11163877439848617,0.036424020974850695,7.980323116857624,53.12246553122466
Adv-ALSTM,kdd17,0.1,1,,var,2688,2472,1301,48.40029761904761,4710,237.27328999999992,658.4173750000006,2.8606635294422658,0.03207262638550959,0.05037649469214436,0.02748070358056046,52.162746688294135,0.03762621018671,52.48407643312102,0.045896515304077595,100.0,825.9036530000008,0.11163877439848617,0.036424020974850695,7.980323116857624,53.12246553122466
Adv-ALSTM,kdd17,0.1,1,,entr,3066,2255,1462,47.6842791911285,4332,196.2893220000002,658.4173750000006,2.217535465105712,0.026532755068937576,0.04531147783933523,0.022969797855897096,52.162746688294135,0.03762621018671,52.05447830101569,0.037418241969760985,100.0,825.9036530000008,0.11163877439848617,0.036424020974850695,7.980323116857624,53.12246553122466
Adv-ALSTM,kdd17,0.1,2,,std,2483,2561,1236,49.77849375755135,4915,220.35867699999977,524.2651070000011,3.0320740821095455,0.029786249932414136,0.04483391190233973,0.02152153765576044,51.473371181400374,0.02900691201472637,52.1057985757884,0.045175331701649404,100.0,825.9036530000008,0.11163877439848617,0.036424020974850695,7.980323116857624,53.12246553122466
Adv-ALSTM,kdd17,0.1,2,,var,2371,2619,1182,49.85238296077604,5027,203.65610999999967,524.2651070000011,3.224730035123087,0.027528536090835318,0.04051245474438028,0.020747946107308738,51.473371181400374,0.02900691201472637,52.09866719713547,0.04637639818911811,100.0,825.9036530000008,0.11163877439848617,0.036424020974850695,7.980323116857624,53.12246553122466
Adv-ALSTM,kdd17,0.1,2,,entr,2675,2476,1343,50.205607476635514,4723,245.32232899999985,524.2651070000011,3.5811911113085144,0.0331606284130846,0.051942055684945976,0.024685003261362744,51.473371181400374,0.02900691201472637,52.4243065847978,0.05303507314360023,100.0,825.9036530000008,0.11163877439848617,0.036424020974850695,7.980323116857624,53.12246553122466
